"@title","Español"
"@language","es-ES"
"@scale","auto"
"@appli","8 - Do not change"
"@version","2.09 - Do not change"
"@author","UsedPossibility2"
"#00000","Buenos Dias!"
"#00001","Adios!"
"#00002","Mhew..."
"#00003","Hola!"
"#00004","Mira!"
"#00005","Hmm..."
"#00006","A Trabajar!"
"#00007","Vamonos!"
"#00008","Veamos."
"#00009","¡Veo!"
"#00010","Bien!"
"#00011","Por Supuesto!"
"#00012","Cojo..."
"#00013","Hola!"
"#00014","Bienvenido!"
"#00015","Estoy aburrido!"
"#00016","PELEA!"
"#00017","Nos Vemos!"
"#00018","Adíos!"
"#00019","Bye Bye!"
"#00020","Nos vemos!"
"#00021","Yay!"
"#00022","Ha!"
"#00023","Aw..."
"#00024","Soy Un Reportero"
"#00025","Gracias."
"#00026","Emocionante!"
"#00027","¡Guauu! Increíble!"
"#00028","Aburrido..."
"#00029","Increible!"
"#00030","Maravilloso!"
"#00031","Uh..."
"#00032","A Por Ello"
"#00033","Divertido!"
"#00034","Impresionante"!"
"#00035","Informes Completos."
"#00036","Buen Trabajo!!."
"#00037","Nos vemos más tarde."
"#00038","Un Poco Más"
"#00039","Casi."
"#00040","Bien Hecho."
"#00041","Bien hecho."
"#00042","Bien."
"#00043","Oh!"
"#00044","Otra Vez!"
"#00045","Ayuda!"
"#00046","Co."
"#00047","Nombre De La Empresa"
"#00048","Nombre Del Juego"
"#00049","Plataforma"
"#00050","Nada"
"#00051","No Hay Juegos A La Venta."
"#00052","Estudio Soleado"
"#00053","venderdor"
"#00054","Secretaria"
"#00055","Tu Consola"
"#00056","Negociador De Licencias"
"#00057","Monería"
"#00058","Accesibilidad"
"#00059","Simplicidad"
"#00060","Mundo De Juegos"
"#00061","Realismo"
"#00062","Apelacion De Nichos"
"#00063","Inovacion"
"#00064","Polaco"
"#00065","Gracioso"
"#00066","Creatividad"
"#00067","Gráficos"
"#00068","Sonido"
"#00069","Errores"
"#00070","Programa"
"#00071","Escenacio"
"#00072","Hombre"
"#00073","Mujer"
"#00074","5-12"
"#00075","13-18"
"#00076","19-24"
"#00077","25-40"
"#00078","41+"
"#00079","“<0>” Género desbloqueado."
"#00080","“<0>” Topico Desbloqueado."
"#00081","“<0>” Topico Desbloqueado."
"#00082","¿Qué es esto...?"
"#00083","Cliente"
"#00084","Usaste “<0>.”"
"#00085","<0> Subió Por <1>!"
"#00086","<0> Bajó Por <1>..."
"#00087","Errorres Incrementados Por <0>..."
"#00088","“<0>”"
"#00089","<0> Ya Está A La Venta."
"#00090","<0> Ahora Está Fuera Del Mercado."
"#00091","<0> Ahora Está Fuera Del Mercado."
"#00092","Se vendieron <0> Unidades."
"#00093","Juego #<0>"
"#00094","Secuela"
"#00095","Plataforma"
"#00096","Juego Original"
"#00097","Saludos, Damas Y Caballeros."
"#00098","Ninguna"
"#00099","Intendro"
"#00100","Senga"
"#00101","Sonny"
"#00102","Microx"
"#00103","Nipon"
"#00104","Karoisoft"
"#00105","Chip De 16-Bits"
"#00106","Chip De 32-Bits"
"#00107","Chip De 64-Bits"
"#00108","Chip Patata"
"#00109","Cartucho"
"#00110","CD-ROM"
"#00111","DVD-ROM"
"#00112","BD-ROM"
"#00113","Tarjetas Perforadas"
"#00114","Consola"
"#00115","Portátil"
"#00116","En este juego de simulación,Tú"
"#00117","Juega El Presidente De Un Video"
"#00118","Compañía De Juegos".
"#00119","Haz tu mejor esfuerzo para crear un"
"#00120","Juego que vende millones y"
"#00121","Gana el Gran Premio en los"
"#00122","Premios mundiales de juegos".
"#00123","▼ Flujo de juego"
"#00124","Primero, Deberás contratar"
"#00125","Algunos empleados. Usted puede"
"#00126","Comenzar a desarrollar un juego"
"#00127","Para ganar dinero o tomar"
"#00128","Contratos de trabajos y"
"#00129","Enfócarse en capacitar a su personal".
"#00130","▼ Datos de investigación"
"#00131","El disquete superior izquierdo"
"#00132","Muestra sus datos de investigación".
"#00133","Gana más desarrollando"
"#00134","Juegos. Esto"
"#00135","Te permite subir de nivel al personal"
"#00136","Y usa refuerzos".
"#00137","▼ Haciendo Contratos"
"#00138","Si haces un contrato"
"#00139","Bien, Obtendrás dinero"
"#00140","Y datos de investigación".
"#00141","Es difícil hacer mucho"
"#00142","Dinero de esta manera, Pero es así"
"#00143","No se requiere capital".
"#00144","▼ Desarrollo De Juegos 1"
"#00145","Primero, debes seleccionar un"
"#00146","género y un tipo de juego. La"
"#00147","combinación de estos será importante"
"#00148","Ya que puede suponer un gran efecto en las ventas".
"#00149","Necesitará una licencia para"
"#00150","desarrollar juegos para una consola de juegos".
"#00151","▼ Desarrollo De Juegos 2"
"#00152","A continuación, Necesitas un juego"
"#00153","Una propuesta. Puedes pedir una a un"
"#00154"."Empleado con experiencia en escenario"
"#00155","O tambien experiencia en escritura, O"
"#00156","externalízalo. Tú eliges"
"#00157","Esto afecta la calidad del juego".
"#00158","▼ Desarrollo De Juegos 3"
"#00159","Durante el desarrollo"
"#00160","también hay que agregar gráficos"
"#00161","y sonido. Puedes usar"
"#00162","Tu propio personal o subcontratar"
"#00163","Estos, Pero si usas a alguien"
"#00164","muy a menudo se agotará".
"#00165","▼ Desbloqueo de más géneros"
"#00166","Cuanto más alto sea el personal"
"#00167","Tendras mas nivel de trabajo,Y más géneros"
"#00168","puedes Centrarte en".
"#00169","Los géneros también pueden ser"
"#00170","desbloqueados debido a las opciones"
"#00171","haces en desarrollo".
"#00172","▼ Desbloqueo de más tipos"
"#00173","Dependiendo de un bastón"
"#00174","Trabajo del miembro, Pueden"
"#00175","desbloquear nuevos tipos de juegos"
"#00176","durante el entrenamiento.Una de las opciones"
"#00177","Que haces en desarrollo puedes"
"#00178","Hacer que los tipos suban de nivel".
"#00179","▼ Dirección del juego 1"
"#00180","Al desarrollar un juego"
"#00181","Debes elegir su"
"#00182","Dirección. Incluso juegos con"
"#00183","El mismo género y tipo"
"#00184","Pueden vender de forma diferente debido a"
"#00185","Su dirección".
"#00186","▼ Direccion del juego 2"
"#00187","Esto también afecta la"
"#00188","reputación de la empresa y"
"#00189","La base de fanáticos. Si el género de un juego"
"#00190","Coincide con el tipo y dirección correcta"
"#00191","Puedes subir el nivel de"
"#00192","ese género o tipo".
"#00193","▼ Parámetros del juego 1"
"#00194","Los juegos que desarrollas"
"#00195","Tienen un conjunto de parámetros:"
"#00196","La diversión afecta las ventas, Mientras que"
"#00197","La creatividad puede ayudar a hacer que sea"
"#00198","Un éxito. Gráficos y sonido"
"#00199","También son muy importantes".
"#00200","▼ Parámetros del juego 2"
"#00201","Los errores en un juego son"
"#00202","Dl peor enemigo del desarrollador".
"#00203","El envío de un juego con errores"
"#00204","Puede llevar a grandes problemas".
"#00205","Cada vez que arreglas un error"
"#00206","Obtienes datos de investigación".
"#00207","▼ Nivelando tu personal"
"#00208","Puedes usar los datos de investigación"
"#00209","Para subir de nivel a su personal. Esto"
"#00210","Aumenta sus habilidades"
"#00211","En todos los ámbitos, Y puede"
"#00212","Desbloquear nuevos géneros, Pero"
"#00213","También aumenta su salario".
"#00214","▼ Parámetros de personal 1"
"#00215","■ Programación"
"#00216","Este es algo muy importante-"
"#00217","Alrededor del parámetro. Afecta"
"#00218","Puntos de desarrollo y"
"#00219","Otorga bonificaciones a ambos"
"#00220","A las propuestas y al arte del juego".
"#00221","▼ Parámetros de personal 2"
"#00222","■ Escenario"
"#00223","Ayuda a investigar"
"#00224","Datos, Y haz que sea más fácil"
"#00225","Crear juegos creativos".
"#00226","▼ Personal Parámetros 3"
"#00227","■ Gráficos / Sonido"
"#00228","Esto afecta el número de"
"#00229","puntos de desarrollo que obtienes".
"#00230","■ Energía: Trabajo y capacitación"
"#00231","Consumir energía.El Personal con"
"#00232","Energía en cero se irá a casa".
"#00233","▼ Trabajos de personal"
"#00234","Cada empleado tiene un trabajo"
"#00235","Tal como Programador o"
"#00236","Director. Los trabajos afectan a los"
"#00237","Parámetros del empleado y a"
"#00238","Los géneros que pueden ser"
"#00239","Desbloqueados durante el entrenamiento".
"#00240","▼ Cambio de trabajos"
"#00241","Usar un elemento en particular será"
"#00242","Hacer posible que un empleado"
"#00243","Sea miembro para cambiar trabajos".
"#00244","También hay trabajos avanzados"
"#00245","Que solo están abiertos a"
"#00246","Personal de nivel 5 o superior".
"#00247","▼ Salarios del personal"
"#00248","Cuando contrata a un empleado"
"#00249","Debes pagar una inicial de la"
"#00250","Tarifa del contrato. Usted también debe"
"#00251","Pagarles un salario anual a"
"#00252","Finales de marzo. Nivelación"
"#00253","Aumenta los salarios del personal".
"#00254","▼ Fans de la compañía"
"#00255","Tus fans se dividen en"
"#00256","Grupos de edad, Y puede afectar"
"#00257","las ventas de tus juegos".
"#00258","Los fans envejecen a medida que pasa el tiempo, así que"
"#00259","Tendrás que probar y apelar"
"#00260","también para nuevos jugadores jóvenes".
"#00261","▼ Publicidad"
"#00262","Puedes aumentar tu base de fans"
"#00263","Con publicidad, pero"
"#00264","Algunos tipos se vuelven menos"
"#00265","Rfectivo con el tiempo. Poner"
"#00266","Nuestros buenos juegos son la mejor"
"#00267","Manera de atraer más fanáticos".
"#00268","▼ Artículos"
"#00269","De vez en cuando serás"
"#00270","Visitado por un vendedor que"
"#00271","Vende varios artículos que pueden"
"#00272","Mejorar juegos en progreso".
"#00273","Algunos elementos desaparecen después de"
"#00274","Que los usas".
"#00275","▼ Su propia consola"
"#00276","Si su empresa es grande"
"#00277","Auto suficiente y tiene un hardware"
"#00278","Ingeniero, Puede Crear"
"#00279","su propia consola. Use su"
"#00280","Base de seguidores para convertirse en el rey"
"#00281","De la industria del juego!"
"#00282","▼ La clave para crear un hit"
"#00283","La combinación de género"
"#00284","Y el tipo son muy importantes".
"#00285","Además, Las ventas tienden a subir"
"#00286","Durante las vacaciones de invierno"
"#00287","Así que ese sera el momento de un lanzamiento"
"#00288","También afecta su éxito".
"#00289","▼ Premios Mundiales De Juegos"
"#00290","Varios premios son"
"#00291","Otorgados, Durante estos premios"
"#00292","Que se celebran anualmente. Si"
"#00293","obtienes el Gran Premio"
"#00294","Significa que eres uno de"
"#00295","Los pilares de la industria".
"#00296","▼ Finalizando"
"#00297","El juego" termina "Después de que"
"#00298","hayan pasado 20 años."
"#00299","Los activos totales en este punto"
"#00300","Se guardarán como tu alta"
"#00301","Puntacion. Sin embargo, Usted puede"
"#00302","Continuar jugando despues."
"#00303","▼Otras Notas"
"# 00304", "El nivel que alcanzaste"
"# 00305", "Para cada género de juego"
"# 00306", "El tipo se transfiere desde"
"# 00307", "un juego a otro. También,"
"# 00308", "Esté atento a algunos"
"# 00309", "Personajes secretos para contratar ..."
"# 00310", "<0> Estar"
"# 00311", "<0> personas"
"# 00312", "A <0> M <1> S <2>"
"# 00313", "Vencimiento: <0> Wk."
"# 00314", "<0> Wk."
"# 00315", "Rango: -"
"# 00316", "Clasificación: N / A"
"# 00317", "Rango: # <0>"
"# 00318", "<0> Unidades"
"# 00319", "Manual <0> / 29"
"# 00320", "Lista de personal <0> / 2"
"# 00321", "# <0>"
"# 00322", "- K unidades"
"# 00323", "<0> puntos"
"# 00324", "Publicado: A <0> M <1> S <2>"
"# 00325", "# -"
"# 00326", "N / A"
"# 00327", "<0>"
"# 00328", "<0>"
"# 00329", "Ventas por año"
"# 00330", "Beneficio por año"
"# 00331", "Errores"
"# 00332", "Sub"
"# 00333", "Debido"
"# 00334", "Nuevo"
"# 00335", "Secuela"
"# 00336", "Emocion"
"# 00337", "Fama"
"# 00338", "1er tiempo"
"# 00339", "2da mitad"
"# 00340", "Ventas terminadas"
"# 00341", "Nombre"
"# 00342", "Total"
"# 00343", "Trabajo"
"# 00344", "Salario"
"# 00345", "Energía"
"# 00346", "Costo de desarrollo"
"# 00347", "Plataforma"
"# 00348", "Dirección"
"# 00349", "OK"
"# 00350", "<0>:"
"# 00351", "<0>:"
"# 00352", "Habilidad"
"# 00353", "Popularidad"
"# 00354", "Costo"
"# 00355", "Combo con <0>"
"# 00356", "Primer intento"
"# 00357", "Finalizar"
"# 00358", "Título"
"# 00359", "Unidades enviadas"
"# 00360", "Método de contratación"
"# 00361", "Publicidad"
"# 00362", "Diseño de consola"
"# 00363", "NUEVO"
"# 00364", "C"
"# 00365", "B"
"# 00366", "A"
"# 00367", "Cambiar título"
"# 00368","Secuela a <0>"
"# 00369","Gratis"
"# 00370","Tarifa de contrato"
"# 00371","Usar"
"# 00372","OK"
"# 00373","Historial de trabajo de <0>"
"# 00374","Prev"
"# 00375","En"
"# 00376","Fuera"
"# 00377","Ingresos"
"# 00378","Gastos"
"# 00379","Co".
"# 00380","Unidades"
"# 00381","Licencia"
"# 00382","Sin licencia"
"# 00383","Con licencia"
"# 00384","Usado"
"# 00385","<0> Tiempos"
"# 00386","Compartir"
"# 00387","Liberado"
"# 00388","Hmm ..."
"# 00389","Detalles del producto"
"# 00390","Comentarios"
"# 00391","Costo"
"# 00392","Ventas"
"# 00393","Ventas"
"# 00394","Arriba"
"# 00395","Evento"
"# 00396","Cambiar trabajo para <0>"
"# 00397","De Lvl <1> <0>"
"# 00398","Se convierte en un Lvl <1> <0>"
"# 00399","Cambios de parámetros"
"# 00400","Nuevo trabajo"
"# 00401","Salario + 20%: <0> → <1>"
"#00402","Tipo de trabajo"
"#00403","Pagar"
"#00404","<0> Informacion de la compañia"
# 00405", "Registros de GAMEDEX"
"# 00406", "Sin cambios"
"# 00407", "Por fin, Es hora de comenzar el desarrollo del juego. ¡Buena suerte!"
"# 00408", "Esta debe ser una combinación popular. Estoy ansioso por verla terminada".
"# 00409", "¡Qué gran combinación! ¡Su personal está muy emocionado de trabajar en este juego!"
"# 00410", "Es una combinación un tanto extraña. Estoy seguro de que puedes lograrlo,Pero ..."
"# 00411", "Ese género y tipo no van de la mano ... Espero que se venda ..."
"# 00412", "Esa es una combinación extraña ... Me pregunto cómo resultará esto ..."
"# 00413", "Desarrollar"
"# 00414", "Personal"
"# 00415", "Acción"
"# 00416", "Información"
"# 00417", "Sistema"
"# 00418", "Sitio web"
"# 00419", "Semana"
"# 00420", "Mes"
"# 00421", "Año"
"# 00422", "Asiento cambiado".
"# 00423", "¿A quién quieres mover?"
"# 00424", "¿A dónde deben ir?"
"# 00425", "<0> unidades"
"# 00426", "No hay registros"
"# 00427", "Patético ..."
"# 00428", "Pffft ..."
"# 00429", "..."
"# 00430", "¡Mátalo! ¡Mátalo con fuego!"
"# 00431", "Oh ... Dios mío ..."
"# 00432", "le daría un cero si pudiera".
"# 00433", "Todos estamos sin palabras ..."
"# 00434", "¿Puedo obtener un reembolso?"
"# 00435", "Ouch ..."
"# 00436", "Se fue directo a la basura".
"# 00437", "Oh cielos ..."
"# 00438", "¡¿Qué diablos es esto ?!"
"# 00439", "La idea no es mala, pero ..."
"# 00440", "Necesitan más práctica".
"# 00441", "Mejor suerte la próxima vez".
"# 00442", "¿Por qué nos hicieron esto?"
"# 00443", "No está mal. Pero no está bien".
"# 00444", "Me pagaron por jugarlo, Así que ..."
"# 00445", "Todavía necesita trabajo".
"# 00446", "Inténtalo de nuevo".
"# 00447", "Esto se muestra prometedor!"
"# 00448", "Repensar la combinación".
"# 00449", "Ellos trabajaron duro en eso".
"# 00450", "Buen trabajo".
"# 00451", "Necesita trabajo, técnicamente".
"# 00452", "Me gusta este tipo de juego".
"# 00453", "¡Es una idea interesante!"
"# 00454", "Estoy un poco decepcionado ..."
"# 00455", "Cerrar. Inténtalo más".
"# 00456", "Buena idea. Lo disfruté".
"# 00457", "Bien en general".
"# 00458", "A algunas personas les puede gustar".
"# 00459", "La pantalla de título no estaba mal ..."
"# 00460", "Esperamos una secuela".
"# 00461", "Bien, Pero apelación limitada".
"# 00462", "Demasiado corto".
"# 00463", "¡Esto es bastante bueno!"
"# 00464", "Todo necesita más trabajo".
"# 00465", "Es para jugadores hardcore".
"# 00466", "Necesita más pulimento".
"# 00467", "Es fácil de jugar, Pero ..."
"# 00468", "No está mal. Pero no es genial".
"# 00469", "No para la mayoría de los jugadores".
"# 00470", "Se veía divertido".
"# 00471", "Realmente me enganché".
"# 00472", "Áspero alrededor de los bordes".
"# 00473", "Está muy bien hecho".
"# 00474", "Tan cerca y, Sin embargo, Tan lejos ..."
"# 00475", "Hacen un buen trabajo".
"# 00476", "Un poco rudo, Pero creativo".
"# 00477", "Bien. ¿Qué sigue?"
"# 00478", "Han recorrido un largo camino".
"# 00479", "Es una combinación divertida".
"# 00480", "Su contenido era bueno".
"# 00481", "¡Me divertí mucho con eso!"
"# 00482", "Un poco tosco, Pero bueno".
"# 00483", "Le doy una "compra"."
"# 00484", "Mejor juego del año".
"# 00485", "Mi elección de la semana".
"# 00486", "Bien. Podría ser mejor".
"# 00487", "Necesita un giro".
"# 00488", "Podría jugar esto durante días".
"# 00489", "Tiene mucha personalidad".
"# 00490", "¡Un golpe garantizado!"
"# 00491", "¡Me divertí con esta!"
"# 00492", "¡Un clásico instantáneo!"
"# 00493", "Hicieron un gran trabajo".
"# 00494", "¡Juego este todos los días!"
"# 00495", "¡A todos les encantó!"
"# 00496", "¡Una obra maestra rara !!"
"# 00497", "¡Estaba a punto de llorar!"
"# 00498", "No puedo esperar para jugar más!"
"# 00499", "¡Perfecto!"
"# 00500", "Es ... tan hermoso ...!"
"# 00501", "¡Increíble! ¡Estoy impresionado!"
"# 00502", "¡Esto pasará a la historia!"
"# 00503", "Una obra maestra !!"
"# 00504", "¡El juego del siglo!"
"# 00505", "Compré 3 copias yo mismo".
"# 00506", "¡Un juego increíblemente grande!"
"# 00507", "Perfecto en todos los sentidos".
"# 00508", "¡Preguntaré por ahí y veré qué puedo encontrar! / Le haré saber si me entero de candidatos prometedores".
"# 00509", "Acabo de publicar un anuncio en una revista de juegos. / Deberíamos obtener un número de solicitantes pronto, Así que espera un poco".
"# 00510", "Saqué un anuncio en un sitio web de empleo./ Deberíamos obtener los resultados pronto".
"# 00511", "Envié avisos a una serie de escuelas vocacionales./ Le haré saber cuáles son los resultados una vez que escuche".
"# 00512", "Acabo de alquilar un lujoso salón de baile en el Apogee Hotel. Llevaremos a cabo una explicación detallada de nuestra compañía y nuestros juegos. Luego, Les presentaré a los candidatos seleccionados".
"# 00513", "Estoy a punto de tomar un vuelo a Hollywood para reunirme con un agente de talentos. ¡Estoy seguro de que podremos encontrar muchos candidatos prometedores!"
"# 00514", "¿Otra propuesta? No estoy seguro de poder dar lo mejor de mí ..."
"# 00515", "¿Estoy haciendo los gráficos otra vez? No estoy seguro de poder darle lo mejor a este ..."
"# 00516", "¿Otra banda sonora? No estoy segura de poder darle lo mejor a este ..."
"# 00517", "Me temo que no podemos permitir que una compañía sin experiencia tenga una licencia para nuestra consola. ¿Por qué no comienza desarrollando algunos juegos para PC?"
"# 00518", "Eso es bastante bajo ... Intentemos obtener una mejor puntuación la próxima vez".
"# 00519", "Esas no son buenas puntuaciones ... | Pero tal vez a los jugadores no les importe. Esperemos que se venda".
"# 00520", "Esos puntajes son bastante bajos ... | Pero no todos escuchan a los críticos. ¡Vamos a ver si se venden!"
"# 00521", "Parece que podría haber usado un poco más de trabajo. | Pero
"# 00522", "¡Esas son muy buenas puntuaciones! ¡No puedo esperar a ver qué tan bien se vende!"
"# 00523", "¡Esas son grandes puntuaciones! ¡Tal vez nuestro próximo juego sea en el Salón de la Fama!"
"# 00524", "¡Casi llegamos al Salón de la Fama! ¡Puntuaciones como esta realmente deberían ayudar a nuestras ventas!"
"# 00525", "No llegó al Salón de la Fama ... | Supongo que esta será la última entrada de la serie ..."
"# 00526", "La versión alfa del juego actual ya está terminada. Es hora de comenzar realmente a trabajar en los gráficos. ¿A quién debemos poner a cargo del diseño de personajes?"
"# 00527", "La versión beta del juego actual está completa. Debemos comenzar a prestar atención al sonido ahora".
"# 00528", "/ Puede elegir un diseñador de su personal o subcontratar a un especialista externo".
"# 00529", "/ Puede elegir un ingeniero de sonido de su personal o subcontratar a un especialista externo".
"# 00530", "¡Hola! / Seré su secretaria aquí en <0> ./ Espero trabajar con usted, Ya sea un experto o esta es su primera vez. Haré lo que sea que haga. ¡Podemos ayudarte a hacer un juego de gran calidad! | ¡Tal vez podamos incluso ganar el Gran Premio en los Premios Mundiales De Juegos / Si alguna vez tienes alguna pregunta, solo toca "Sistema" en el menú del juego y selecciona "Manual". En primer lugar, deberá contratar algunos empleados. | Abra el menú y seleccione "Personal"> "Contratar".
"# 00531", "El año fiscal acaba de terminar. Normalmente, Tendría que pagar el salario de su personal en este momento. / ¡Sin embargo, Este año el gobierno pagará para fomentar el desarrollo de la industria del juego! Tiene que pagar a partir del próximo año, Así que asegúrese de tener suficiente efectivo disponible ".
"# 00532", "El año fiscal está a punto de terminar./Tendrá que pagar los salarios de su personal a fines de marzo./Debería asegurarse de tener suficiente dinero disponible".
"# 00533", "Subiste de nivel a uno de los miembros de tu personal. / Cuando subes de nivel a un empleado, sus parámetros aumentan y puedes desbloquear nuevos géneros de juego. / Pero su salario también aumenta, asegúrate de tener suficiente dinero para ¡págales!"
"# 00534", "En esta pantalla puedes ajustar la dirección de un juego que estás desarrollando. / Dependiendo de la dirección que elijas, el género o tipo de juego sube en el nivel./También, las elecciones que haces sobre El tiempo te ayudará a atraer nuevos fanáticos ".
"# 00535", "¡Felicitaciones por comenzar su primer juego! / ¿A quién debemos escribir la propuesta del juego? / Puede usar un escritor de escenarios en el personal o contratar a un experto externo".
"# 00536", "/ Ahora iniciará el proceso de depuración. / Cada vez que corrija un error, obtendrá los Datos de investigación, que puede utilizar para aumentar el nivel de su personal. / Además, en la pantalla de información del juego tiene la opción para enviar un juego sin arreglar todos los errores ".
"# 00537", "/ Tienes un buen número de fanáticos jóvenes. Si aprovechas esto, Puedes expandir toda tu base de fanáticos".
"# 00538", "Tu base de fans está envejeciendo. Cada grupo de edad sube y aparece un nuevo grupo de jugadores jóvenes en la parte inferior".
"# 00539", "No asistir al espectáculo"
"# 00540", "No contrate a nadie"
"# 00541", "Usar disfraces"
"# 00542", "Contratacion de chicas de stand"
"# 00543", "Contrata a una estrella invitada"
"# 00544", "Mejor diseño"
"# 00545", "Mejor Música"
"# 00546", "El Peor Juego"
"# 00547", "Subcampeón"
"# 00548", "Gran Premio"
"# 00549", "Nada".
"# 00550", "No está mal".
"# 00551", "¡Increíble!"
"# 00552", "Hmm ..."
"# 00553", "No es bueno".
"# 00554", "Creativo".
"# 00555", "Ya veo ... pensé que sería una buena oportunidad para dar a conocer nuestro nombre, Pero ... / ¡Espero que podamos asistir el año que viene!"
"# 00556", "Entendido. Seguiré adelante y prepararé nuestro stand".
"# 00557", "¡Espero que venga mucha gente!"
"# 00558", "/ He pedido algunos disfraces adorables. ¡Estoy seguro de que atraeremos a muchos padres con niños!"
"# 00559", "/ ¡He hecho arreglos para tener algunos modelos hermosos en nuestro stand! ¡Creo que incluso haremos las noticias!"
"# 00560", "/ Hablé con una importante agencia de talentos. Esta vez ..."
"# 00561", "Hola. Soy un representante de la empresa articulos y cosas./Los artículos que vendemos son muy útiles, Y su precio es adecuado. / Los artículos de promoción requieren datos de investigación para su uso, pero se pueden usar cualquier número de veces . "
"# 00562", "¡Un representante de Gamedex nos acaba de preguntar si queremos tener un puesto en la feria! / Las compañías de juegos de todas partes usan Gamedex como una oportunidad para presumir de sus juegos. / Creo que sería una gran oportunidad Para aumentar nuestras ventas! "
"# 00563", "Ya casi es hora de que Gamedex vuelva a funcionar. Siempre es una buena oportunidad para que podamos dar a conocer nuestro nombre. ¿Asistiremos este año?"
"# 00564", "¡Oh no! | ¡Ha habido un apagón! Nuestro juego actual ha perdido algunos puntos ..."
"# 00565", "¡Oh no! | ¡Ha habido un apagón! / Pero como no tienes ningún juego en desarrollo, no tuvo ningún efecto".
"# 00566", "Estamos un poco bajos en capital ... / Parece que vamos a tener que invertir en nuestro fondo de emergencia de $ 150K. / Si te quedas sin dinero mientras desarrollas un juego, Es posible que incluso tenga que cancelar el proyecto./Este es todo el dinero que tenemos, Por lo que si se está agotando, Seleccione "Desarrollar"> "Contratar" para obtener un trabajo ".
"# 00567", "¡Hola! / Soy un vendedor ambulante. ¿Puede interesarle en algún artículo hoy?"
"# 00617", "| Tomé prestado un nuevo <0> de un amigo y lo probé".
"# 00618", "| Desde que leí sobre <0> en una revista, no puedo esperar para obtener una".
"# 00619", "| ¡Me alineé el día del lanzamiento para comprar <0>!"
"# 00620", "/ Hay una nueva generación de estudiantes en primaria ahora".
"# 00621", "Pero parece que nuestros juegos no son muy populares con ellos. ¡Tendremos que corregir eso!"
"# 00622", "Parece que nuestros juegos son algo populares entre ellos. Eso es alentador".
"# 00623", "¡Por lo que escucho, Aman nuestros juegos e incluso los juegan durante la clase!"
"# 00624", "¡También tenemos muchos fans! ¡Intentemos y obtengamos aún más!"
"# 00625", "Nuestros juegos son increíblemente populares entre ellos. ¡Continuemos!"
"# 00626", "Con el lanzamiento del nuevo IES de Intendro, Ahora hay 4 consolas de juegos en el mercado. Estudios recientes han demostrado que los videojuegos son el elemento más buscado entre los niños, Y muchas compañías están trabajando para ingresar al mercado. El mercado de juegos está a punto de volverse mucho más abarrotado ".
"# 00627", "Ha almacenado una gran cantidad de datos de investigación, ¿no? / El número al lado del ícono del disquete en la parte superior izquierda es su información de investigación. / Use para aumentar su personal o mejorar El juego que estas desarrollando ".
"# 00628", "Disculpe por escribir de la nada, Pero soy un gran fan de <0>".
"# 00629", "¡Hola! Soy un gran fan de <0>!"
"# 00630", "Hola. He sido fan de <0> durante bastante tiempo".
"# 00631", "¡Hola! Juego <0> juego todo el tiempo!"
"# 00632", "¡Hola! ¡Soy un gran fan de <0>!"
"# 00633", "Estudiante de la escuela elemental"
"# 00634", "Estudiante De Secundaria"
"# 00635", "Estudiante Universitario"
"# 00636", "Carta de un adulto"
"# 00637", "Persona mayor"
"# 00638", "El secreto de los refuerzos"
"# 00639", "Después de una investigación exhaustiva realizada por nuestro equipo, Hemos descubierto el secreto de los elementos conocidos como" Refuerzos ". | Primero, parece que los Refuerzos se vuelven cada vez más caros con cada una de las que compras. | Además , La cantidad de datos de investigación requeridos para usar un Boost depende de la cantidad total de datos que su compañía ha acumulado. Dicen que las empresas más exitosas también son las mejores en usar Boosts, por lo que si no lo ha probado, le sugerimos tú lo haces."
"# 00640", "¡Ya tiene bastante efectivo a su disposición! / Pero aún debe tener cuidado con la forma en que utiliza sus fondos. / Considere invertir en publicidad para ampliar su base de fans y asegurar el futuro de la compañía. . "
"# 00641", "Los anuncios de radio que compró parecen haber sido populares. ¡Nuestra base de fans ha aumentado ligeramente en general!"
"# 00642", "Ahora ha lanzado <0> juegos./Cuando publique su próximo juego, los datos del juego anterior comenzarán a eliminarse, Comenzando con el juego más antiguo primero./Si se elimina un juego del Salón de la Fama en de esta manera, Ya no podrá hacer secuelas para él./Pero no se preocupe, Los registros como sus números de ventas principales y las ventas acumuladas no se eliminarán ".
"# 00643", "¡Los fanáticos ya se están alineando! / ¡Han oído hablar de la <0> | de tu próximo juego y ya se están alineando!"
"# 00644", "¡La <1> (consola # <0>) | ahora está empezando a enviarse!"
"# 00645", "Usó el" <0>. ""
"# 00646", "Su trabajo actual es <0>."
"# 00647", "Se ha mudado a una nueva oficina".
"# 00648", "Ahora que su empresa es más grande, ¡puede contratar a más personas!"
"# 00649", "¿Gastará <0> | para mudarse a una nueva oficina?"
"# 00650", "<0> ganó un premio!"
"# 00651", "¡Ha habido un aumento repentino en el número de nuestros fanáticos en la escuela secundaria y preparatoria!"
"# 00652", "¡Ha habido un aumento repentino en nuestro número de fanáticos adultos!"
"# 00653", "¡El envío inicial está programado para ser <0> unidades!"
"# 00654", "¡Estad atentos, todos!"
"# 00655", "¡Lanzaremos muchos juegos divertidos!"
"# 00656", "Hoy, Nos gustaría anunciar <br> nuestra nueva consola ..."
"# 00657", "¡El <0>!"
"# 00658", "/ Esta versión gratuita del juego se puede jugar hasta marzo del año 4. ¡Esperamos que lo disfrutes!"
"# 00659", "¡La versión completa del juego incluye una función de puntuación alta!"
"# 00660", "Bien hecho. Has jugado a través de la versión gratuita del juego./ En la versión completa, puedes jugar todo lo que quieras./ En la siguiente pantalla, podrás acceder al sitio para la versión completa del juego. Esperamos volver a verte pronto ".
"# 00661", "Versión completa"
"# 00662", "Versión Lite"
"# 00663", "Nuestros juegos dirigidos a audiencias de nicho han sido muy populares. Esto significa que nuestra base de fans entre los jugadores hardcore se está expandiendo".
"# 00664", "Nuestros juegos con una estética linda han sido muy populares. Esto significa que nuestra base de fans entre las chicas de la escuela secundaria se está expandiendo".
"# 00665", "Nuestros juegos con un diseño simple de "recoger y jugar" han sido bastante populares. Esto significa que nuestra base de fans entre los jugadores ocasionales se está expandiendo".
"# 00666", "Nuestros juegos con mundos de juego profundos e inmersivos y una historia intrincada han sido muy populares. Esto significa que nuestra base de fans entre los entusiastas del cómic se está expandiendo".
"# 00667", "Nuestros juegos altamente pulidos han sido muy populares. Esto significa que nuestra base de fans entre la gente en la industria del juego se está expandiendo".
"# 00668", "Lite"
"# 00669", "Tren"
"# 00670", "Subir de nivel"
"# 00671", "Contratar"
"# 00672", "Fuego"
"# 00673", "Guardar"
"# 00674", "Opciones"
"# 00675", "Manual
"# 00676", "Puntuaciones Altas"
"# 00677", "Salir del juego"
"# 00678", "Cargar datos guardados automáticamente"
"# 00679", "Cargar datos guardados del juego"
"# 00680", "Seleccionar Guardar datos del juego"
"# 00681", "Nuevo juego"
"# 00682", "Secuela"
"# 00683", "Consola"
"# 00684", "Productos"
"# 00685", "Lista de personal"
"# 00686", "Investigación"
"# 00687", "Trofeos"
"# 00688", "Usar artículo"
"# 00689", "Mover asientos"
"# 00690", "Vacío"
"# 00691", "Datos utilizados"
"# 00692", "Costo"
"# 00693", "Propiedad"
"# 00694", "Valores:"
"# 00695", "Comprar"
"# 00696", "Dirección"
"# 00697", "Aceptar"
"# 00698", "Usando <0>"
"# 00699", "Costo"
"# 00700", "Finalizar"
"# 00701", "<0> veces"
"# 00702", "Éxito"
"# 00703", "Falló ..."
"# 00704", "¡Éxito!"
"# 00705", "Intentando ..."
"# 00706", "¡Terminado!"
"# 00707", "- K"
"# 00708", "Anterior"
"# 00709", "Método de entrenamiento"
"# 00710", "Entrenamiento"
"# 00711", "Entrenamiento: <0>"
"# 00712", "Año <0>"
"# 00713", "Has ganado <0> premios en el pasado".
"# 00714", "Dirección del juego actual"
"# 00715", "<0> Terminado"
"# 00716", "Aceptar"
"# 00717", "Desarrollo de la consola"
"# 00718", "Consola terminada"
"# 00719", "Este dato ya tiene"
"# 00720", "sido registrado".
"# 00721", "Por favor regístrese en el"
"# 00722", "clasificaciones primero".
"# 00723", "Habilitar comunicaciones y"
"# 00724", "revisa tu conexión".
"# 00725", "No hay datos cargables"
"# 00726", "presente".
"# 00727", "Una carta de admirador para tu"
"# 00728", "la compañía ha llegado".
"# 00729", "No puedes disparar tu"
"# 00730", "último empleado".
"# 00731", "El último número de Game"
"# 00732", "La revista Guy ha llegado".
"# 00733", "Guardando juego".
"# 00734", "Juego guardado".
"# 00735", "No tienes suficiente dinero".
"# 00736", "No hay nadie que puedas contratar".
"# 00737", "No puede contratar más empleados".
"# 00738", "El desarrollo ha comenzado".
"# 00739", "Terminado".
"# 00740", "No hay errores".
"# 00741", "No puedes registrarte con 0 juegos".
"# 00742", "No puede registrarse con $ 0".
"# 00743", "Ahora desarrollando una consola".
"# 00744", "Tienes una carta de admirador".
"# 00745", "High Score"
"# 00746", "Seleccionar producto"
"# 00747", "Plataforma"
"# 00748", "Seleccionar género"
"# 00749", "Seleccionar tipo"
"# 00750", "Lista de proyectos"
"# 00751", "Productos pasados"
"# 00752", "¿Cómo quieres buscar?"
"# 00753", "Método de publicidad"
"# 00754", "CPU de la consola"
"# 00755", "Medios de la consola"
"# 00756", "Tipo de consola"
"# 00757", "CPU"
"# 00758", "Medios"
"# 00759", "Tipo"
"# 00760", "Cambiar nombre"
"# 00761", "Consola de juegos # <0>"
"# 00762", "Juego"
"# 00763", "Contrato"
"# 00764", "Equipo"
"# 00765", "Relacionado con el artículo"
"# 00766", "Publicidad"
"# 00767", "Costo de personal"
"# 00768", "Otro"
"# 00769", "Ventas"
"# 00770", "Capital hasta el año 20"
"# 00771", "Un premio otorgado a juegos con"
"# 00772", "Gráficos sobresalientes".
"# 00773", "Un premio otorgado a juegos con"
"# 00774", "Música sobresaliente".
"# 00775", "Un premio otorgado a juegos que"
"# 00776", "Son muy aburridos".
"# 00777", "Un premio otorgado a uno de los"
"# 00778", "Juegos sobresalientes del año".
"# 00779", "Un premio otorgado a los mejores"
"# 00780", "juego del año".
"# 00781", "¡Se me ocurrió una gran idea para el juego <0>! ¡Realmente creo que puedo hacer un buen trabajo en este!"
"# 00782", "¡Estaba haciendo unos bocetos que serían perfectos para un juego el <0>! ¡Realmente creo que puedo hacer un buen trabajo en este!"
"# 00783", "¡Estaba componiendo una música que sería perfecta para el juego <0>! ¡Realmente creo que puedo hacer un buen trabajo en este!"
"# 00784", "¡Un rey del Medio Oriente que ama los videojuegos va a venir! / ¡Debe ser capaz de atraer la atención global a <0>!"
"# 00785", "¡Kairobot, El robot va a venir! / ¡Debe ser capaz de atraer la atención <0> en toda la galaxia!"
"# 00786", "¡Deben poder atraer la atención hacia <0>!"
"# 00787", "¡Una estrella famosa que ama los videojuegos vendrá! / ¡Deben ser capaces de atraer la atención nacional a <0>!"
"# 00788", "¡Es hora de los Global Game Awards! / Ellos otorgarán varios premios a los juegos lanzados este año".
"# 00789", "/ Desafortunadamente, No tenemos juegos en consideración. Tal vez el próximo año".
"# 00790", "/ <0> tiene <1> juego (s) en consideración. ¡Espero que ganemos! / Vamos a la ceremonia de premiación."
"# 00791", "¡Esta parece una consola interesante! / ¡Debemos hacer todo lo posible para obtener una licencia!"
"# 00792", "¡Felicitaciones! | ¡Ahora puede desarrollar juegos para <0>!"
"# 00793", "La moral de su personal ha bajado repentinamente ..."
"# 00794", "Salario del personal ha sido tomado de los fondos".
"# 00795", "El juego en progreso ha sido cancelado".
"# 00796", "No puedes enviar un juego incompleto".
"# 00797", "Aún no ha publicado nada".
"# 00798", "No tienes ningún artículo".
"# 00799", "Debido al artículo, La base de fans de | <0> en todo el país parece estar disminuyendo un poco ..."
"# 00800", "Gracias al artículo, ¡La base de fans de <0> | en todo el país ha aumentado!"
"# 00801", "¡Gracias por su negocio!"
"# 00802", "Es hora de mudarse a una oficina diferente y ampliar el tamaño de su empresa".
"# 00803", "Desarrollo. Parte 1"
"# 00804", "Desarrollo. Parte 2"
"# 00805", "Nuevo juego"
"# 00806", "Secuela"
"# 00807", "Sin proyecto"
"# 00808", "¡Nuevo registro de visitantes!"
"# 00809", "| Estoy seguro de que no es un trabajo fácil, pero haz lo mejor que puedas. Adiós".
"# 00810", "| He recomendado tu compañía a todos mis amigos, así que trabaja duro en tus próximos juegos".
"# 00811", "¡Me encantó la cantidad <0> que tuvo el juego!"
"# 00812", "| Me gustan los juegos <0> en general, y realmente disfruté que este era un juego <1>".
"# 00813", "Pensé que combinar un juego <0> con un juego <0> podría no funcionar, pero era muy adictivo".
"# 00814", "| Me gustan los juegos como <0>, ¡y estoy deseando que llegue tu próximo juego!"
"# 00815", "| Creo que el problema fue que no tenía suficiente <0>".
"# 00816", "Parece que a mis amigos no les gustó mucho ..."
"# 00817", "| Realmente esperaba un nuevo juego <0>, pero no fue tan divertido ..."
"# 00818", "Este juego puede no haber sido muy divertido, pero estoy seguro de que el siguiente será mejor si usas una combinación diferente".
"# 00819", "| Disfruté el juego, pero creo que podría haber sido aún mejor con una combinación diferente".
"# 00820", "| Ninguno de mis amigos realmente sabía qué hacer con el juego, así que espero que elijas una mejor combinación la próxima vez. ¡Te estaré animando!"
"# 00821", "Me decepcionó bastante, porque disfruté tus otros juegos. Estoy pensando en no ser más tu fan ... Adiós".
"# 00822", "| Supongo que a la mayoría de las personas no les gusta la combinación de un juego <0> y un juego <0>, pero a algunas personas les gusta ese tipo de cosas. Espero que los juegos que haga en el futuro sean ¡Sorpréndeme - de buena manera! "
"# 00823", "| Creo que la combinación de un juego <0> y un juego <0> simplemente no funciona muy bien ..."
"# 00824", "Seleccionar empleado"
"# 00825", "Empleado de bomberos"
"# 00826", "Contratar nuevos empleados"
"# 00827", "¿A quién usarás?"
"# 00828", "Propuesta de juego"
"# 00829", "Gráficos"
"# 00830", "Música"
"# 00831", "Información del empleado"
"# 00832", "Horas remanentes del hombre"
"# 00833", "Vencimiento: <0> Semana."
"# 00834", "Nuevo juego"
"# 00835", "Cancelar"
"# 00836", "Enviar"
"# 00837", "Mensaje"
"# 00838", "Ventana de diálogo"
"# 00839", "Nuevo juego"
"# 00840", "/ Este tiene un alto <0> pero es bajo en todo lo demás ..."
"# 00841", "/ Este juego parece tener un buen <0>. Excelente".
"# 00842", "/ Un juego con tan buen <0> debería ser prometedor".
"# 00843", "/ ¡Un juego con <0> como este podría llegar al Salón de la Fama!"
"# 00844", "/ ¡Y una buena combinación como esta debería ayudar a impulsar las ventas!"
"# 00845", "/ Pero esta combinación es lo suficientemente mala como para que pueda afectar las ventas ..."
"# 00846", "/ No sé qué tan bien la gente aceptará una combinación tan extraña ..."
"# 00847", "Ahora es el final del año fiscal. | <0> se ha deducido | de sus fondos para pagar los salarios de su personal".
"# 00848", "Desarrollo de hardware"
"# 00849", "Parece que <0> ha comenzado el desarrollo en su propia consola. | Su reciente contratación de un ingeniero de hardware ha provocado rumores en la industria, y parece que los rumores eran correctos. Por supuesto, una vez que el desarrollo es terminados, cosas como el número de seguidores de la compañía y el talento de sus empleados determinarán qué tan bien se vende. Estaremos a la espera de ver si podrán replicar su éxito anterior con esta nueva empresa ".
"# 00850", "Anónimo"
"# 00851", "solía ser un gran fanático de <0>. Hasta hace poco, Es decir ... ¡Había estado viviendo en una tienda de campaña esperando a que se lance tu próximo juego! | Y tú vas y lo cancelas en la ¡Último minuto! | ¡Puedes considerarme un ex fan! Adiós para siempre ".
"# 00852", "OK"
"# 00853", "Sí"
"# 00854", "No"
"# 00855", "Información de la consola"
"# 00856", "Consola desarrollada"
"# 00857", "Investigación"
"# 00858", "Popularidad"
"# 00859", "Juegos"
"# 00860", "Salón de la Fama"
"# 00861", "Seguidores"
"# 00862", "Género"
"# 00863", "Tipo"
"# 00864", "Top Ventas"
"# 00865", "Ganancias actuales"
"# 00866", "Puntuacion Alta"
"# 00867", "Intento de impulso"
"# 00868", "Contratación: Detalles"
"# 00869", "Lista de elementos"
"# 00870", "¡Gracias! ¡Haré lo mejor que pueda!"
"# 00871", "¡Ha sido mi sueño trabajar para <0>! ¡Te prometo que no te arrepentirás de esto!"
"# 00872", "¡Sí! Puede que no tenga experiencia, pero haré mi mejor esfuerzo".
"# 00873", "Gracias. Puedes contar conmigo".
"# 00874", "Estoy feliz de ser parte de <0>."
"# 00875", "Entendido. | Una vez que me haya calentado, Estoy seguro de que puedo hacer un gran juego <0>".
"# 00876", "¿Un juego <0>? ¡Intentaré hacer algo que nunca se haya hecho antes!"
"# 00877", "Entendido. | <0> los juegos son mi especialidad. Solo déjame esto a mí".
"# 00878", "Ya veo. ¿Un juego <0>? ¡De acuerdo, pensaré en algo interesante!"
"# 00879", "¡Esta es mi gran oportunidad! ¡Haré algunos gráficos excelentes <1>! ¡Estoy seguro de que este juego será un gran éxito para <0>!"
"# 00880", "¿Un juego <0>? ¡Suena interesante! / Haré lo mejor que pueda para crear unos gráficos impresionantes".
"# 00881", "Así que es un juego <0>, ¿no? No puedo garantizar que se venda, pero un trabajo es un trabajo".
"# 00882", "Es un honor trabajar para ti. Estoy seguro de que puedo encontrar algunos diseños que son perfectos para un juego <0>".
"# 00883", "¡Es finalmente mi turno al bate! | Voy a encontrar algo de música que sea la combinación perfecta para un juego <0>".
"# 00884", "Lo entiendo. Intentaré componer algo de música que coincida con un juego <0>".
"# 00885", "No tiene más vacantes. | Si desea contratar <0>, deberá despedir a otra persona ... / ¿A quién desea despedir?"
"# 00886", "Selecciona quién usará el aumentador".
"# 00887", "Seleccione quién cambiará los trabajos".
"# 00888", "Ya en el nivel máximo".
"# 00889", "Usa <0> Investigar datos para subir."
"# 00890", "Presione OK para seleccionar a alguien".
"# 00891", "Los trabajos contratados no se pueden cancelar".
"# 00892", "Juego completo"
"# 00893", "Secuela para <0> completar"
"# 00894", "Ya veo ... Eso es una lástima. Tendré que buscar trabajo mañana. / Adiós".
"# 00895", "¡Pero trabajé muy duro para ti ...! / Haré un juego exitoso en mi próximo trabajo. ¡Ya verás!"
"# 00896", "Estaba pensando en dejar de fumar de todos modos. Nos vemos".
"# 00897", "Gracias por todo. Disfruté trabajando aquí. Dígale adiós a todos por mí".
"# 00898", "Gracias por dejarme trabajar aquí ... / Estoy triste de que ya no me necesitarás más. / Pero seguiré siendo un fan de tus juegos".
"# 00899", "¡Es hora de comenzar a desarrollar su propia consola! / El proceso de desarrollo se divide en dos partes. La primera es el desarrollo previo. ¡Tenemos un camino largo y difícil por delante!"
"# 00900", "Contratante"
"# 00901", "Información del juego actual"
"# 00902", "Afecta a la fama y los fanáticos de la compañía".
"# 00903", "Se grabarán tus últimos <0> juegos".
"# 00904", "ir a Descripción de la aplicación"
"# 00905", "Salir del juego"
"# 00906", "Salir del juego y"
"# 00907", "visite el sitio web de Kairosoft".
"# 00908", "Dejar de contratar".
"# 00909", "¿Estás seguro de que quieres"
"# 00910", "¿Detener el desarrollo de este juego?"
"# 00911", "Este juego todavía tiene errores".
"# 00912", "¿Quieres enviarlo?"
"# 00913", "¿Desea iniciar el desarrollo"
"# 00914", "de una consola nueva?"
"# 00915", "Iniciando negociaciones de licencia".
"# 00916", "Acerca de este juego"
"# 00917", "Game Dev Story"
"# 00918", "(C) Kairosoft Co., Ltd."
"# 00919", "Muestre el personal que trabaja actualmente en su empresa".
"# 00920", "Finalizando"
"# 00921", "Crecimiento desde el año pasado".
"# 00922", "Tu base de fans está envejeciendo".
"# 00923", "Flujo de entrada de <0> fans"
"# 00924", "Envejecimiento del ventilador"
"# 00925", "Los datos de investigación aumentaron en <0>."
"# 00926", "Puntos de dirección restantes"
"# 00927", "No has ganado ningún premio".
"# 00928", "Premios mundiales de juegos"
"# 00929", "Trofeos ganados"
"# 00930", "No hubo"
"# 00931", "cambios".
"# 00932", "Cambios en la base de fans de la compañía"
"# 00933", "Envejecimiento de la base de ventilador"
"# 00934", "¡Parámetros aumentados!"
"# 00935", "¡Los parámetros aumentaron considerablemente!"
"# 00936", "No hubo cambios".
"# 00937", "¡Super parámetro encendido!"
"# 00938", "Elige el tipo de entrenamiento".
"# 00939", "La energía está casi agotada".
"# 00940", "Sequel Proposal"
"# 00941", "Registrar visitantes"
"# 00942", "Tipo de stand"
"# 00943", "Gamedex"
"# 00944", "Iniciar desafío"
"# 00945", "Datos de investigación utilizados"
"# 00946", "Escribiendo propuesta de juego ..."
"# 00947", "Diseñando gráficos ..."
"# 00948", "Componiendo música ..."
"# 00949", "¿Qué dirección usarás?"
"# 00950", "Bueno para un uso".
"# 00951", "Letra de fan"
"# 00952", "Revista Juegos Increibles"
"# 00953", "Cuota de mercado actual de las consolas"
"# 00954", "fanáticos totales de <0>: <1>"
"# 00955", "Selecciona la secuela"
"# 00956", "Puntos totales"
"# 00957", "Reseñas de revistas"
"# 00958", "Negociación de licencia"
"# 00959", "Ingresos y gastos"
"# 00960", "Top Ten de <0>"
"# 00961", "Puede usar un elemento para cambiar trabajos".
"# 00962", "Información sobre su personal".
"# 00963", "Selecciona a alguien para entrenar".
"# 00964", "¿Despedir a este empleado?"
"# 00965", "Whew ... No puedo esperar a verlo hecho".
"# 00966", "Creo que eso es todo lo que puedo hacer ..."
"# 00967", "No está mal, si lo digo yo mismo".
"# 00968", "¿Cómo es eso?"
"# 00969", "Whew. Realmente trabajé duro en eso".
"# 00970", "Supongo que eso es lo suficientemente bueno".
"# 00971", "¡Lo sé! ¡Intentaré esto!"
"# 00972", "Ah, entonces debería hacer esto ..."
"# 00973", "Acabo de tener una buena idea para esto ..."
"# 00974", "¡Solo tengo que hacer esto y ...!"
"# 00975", "Entonces agregaré esto".
"# 00976", "¡Sólo un poco más!"
"# 00977", "¡Sí! ¡Acabo de tener una gran idea!"
"# 00978", "¡Esto realmente lo hará divertido!"
"# 00979", "¡Estoy en racha ahora!"
"# 00980", "¡Oh no! | ¡Se ha lanzado un juego muy similar al nuestro! / Esto probablemente afectará nuestras ventas ..."
"# 00981", "¡Oh no! | Hemos tenido una falla en el equipo ... / Ya estamos funcionando nuevamente, pero nuestro juego en desarrollo perdió algunos puntos ..."
"# 00982", "Un juego <0>, ¿eh ...?"
"# 00983", "Así que es un <0> juego ..."
"# 00984", "¿Un juego <0> ?!"
"# 00985", "¿Dices que es un juego <0>?"
"# 00986", "¡Nuestro juego actual será promovido por el fabricante de la consola como uno de sus mejores títulos! / Eso debería aumentar nuestras ventas una vez que se publique".
"# 00987", "¡Una revista de juegos publicó un gran artículo sobre nuestro juego actual! / Eso debería aumentar nuestras ventas una vez que se publique".
"# 00988", "¡Al personal le ha sorprendido una ola de inspiración sobre nuestro juego actual! / ¡Los puntos del juego se han incrementado considerablemente!"
"# 00989", "¡El <0> | de nuestro juego actual es bastante alto! / Creo que deberíamos trabajar para aumentar su | <0> aún más".
"# 00990", "¡El juego de nuestra compañía finalmente está a la venta! / Nuestros fanáticos están aumentando lentamente en todo el país. / Deberíamos probar la publicidad para que nuestro nombre salga a la luz".
"# 00991", "Acabo de escuchar que | <0> se suspenderá en 3 meses".
"# 00992", "Según nuestra firma de investigación, estamos empezando a perder a nuestros fanáticos | porque no hemos sacado un juego en mucho tiempo ..."
"# 00993", "Debido a que la dirección y el tipo del juego coinciden, | <0> ha aumentado a | Lvl <1>!"
"# 00994", "/ ¡También descubrimos algunos trucos nuevos, que nos dieron | 2 puntos adicionales para asignar a la dirección del juego!"
"# 00995", "Debido a que la dirección y el género del juego coinciden, | <0> se ha incrementado a | Lvl <1>!"
"# 00996", "Una revista menor | Rscribió un artículo sobre <
"# 00997", "¡Una revista escribió | un artículo sobre <0>! Eso debería aumentar un poco nuestras ventas".
"# 00998", "¡Todo el mundo en línea | está hablando de <0>! ¡Eso debería aumentar nuestras ventas!"
"# 00999", "¡Una revista respetada | escribió un artículo sobre <0>! Eso debería impulsar nuestras ventas".
"# 01000", "¡Un programa de televisión hizo un segmento | alrededor de <0>! Eso debería aumentar nuestras ventas".
"# 01001 "," ¡Oh no! | ¡Se ha encontrado un error en <0>! / Afortunadamente, no es serio, | pero nuestra popularidad ha sido un poco ... "
"# 01002", "¡Oh no! | ¡Se ha encontrado un error en <0>! / Es un error importante, por lo que hemos dejado de vender el juego | y pagamos $ 12 cada uno para recordar cada uno que vendimos ..."
"# 01003", "<0> ha vendido más de <1> unidades K! | ¡Felicitaciones!"
"# 01004", "¡Comenzamos a desarrollar nuestro nuevo juego! / Los íconos que flotan hacia arriba desde la computadora de cada miembro del personal representan puntos de juego, que se agregan a Diversión, Creatividad, Errores, etc. pantalla para desplazarse por la barra de información y toque la tecla OK para mostrar información detallada ".
"# 01005", "Su compañía está creciendo a un buen ritmo. / Muy pronto usted querrá obtener una licencia para desarrollar para una de las consolas de juegos. No es barato, pero puede vender muchos más juegos que en el ORDENADOR PERSONAL."
"# 01006", las ventas de la primera semana acaban de llegar. Las ventas totalizaron | "
"# 01007", "unidades. | Su ranking de ventas fue ... /"
"# 01008", "Disculpe ... / Me gustaría intentar aumentar el <1> para nuestro trabajo <0>. ¿Puedo tener su permiso para intentarlo?"
"# 01009", "Disculpe ... / Me gustaría intentar aumentar el | <0> de nuestra consola en desarrollo. ¿Puedo tener su permiso para intentarlo?"
"# 01010", "Disculpe ... / Me gustaría intentar aumentar el | <0> de nuestro juego en desarrollo. ¿Puedo tener su permiso para intentarlo?"
"# 01011", "La fecha límite para el trabajo <0> se terminó".
"# 01012", "¡Wow! | ¡Acabo de enterarme de que <0> anunciará una nueva consola! / ¡Vamos a la conferencia de prensa de inmediato!"
"# 01013", "¡La secuela de |" <0> "| finalmente está completa!"
"# 01014", "¡El juego # <0> de nuestra compañía finalmente se completó!"
"# 01015", "¡El primer juego de nuestra compañía finalmente está completo!"
"# 01016", "/ Ahora comenzaremos el proceso de depuración, aunque es posible lanzar un juego antes de que se solucionen todos los errores".
"# 01017", "¡La secuela de“ <0> ”finalmente está completa!"
"# 01018", "El juego en desarrollo ahora está completo".
"# 01019", "El trabajo para el trabajo <0> ahora está completo. Deberíamos enviarlo al cliente".
"# 01020", "¡Récord de ventas de la compañía!"
"# 01021", "Solo puede liberar una consola a la vez. / Si desarrolla una nueva consola, <0> se suspenderá automáticamente".
"# 01022", "Está bien. El juego # <0> será un juego <1> <2>. ¿A quién quieres que escriba la propuesta?"
"# 01023", "Entonces, ¡harás un juego <1> <2> como una secuela de <0>! / Si la secuela no llega al Salón de la Fama, no serás capaz de hacer más secuelas en esta serie. Por lo tanto, asegúrate de hacer un buen trabajo en esta. "
"# 01024", "No soy una mala persona. Simplemente no tengo la habilidad suficiente ... Lo siento ..."
"# 01025", "Estaba tan cerca ... | Pero supongo que no soy lo suficientemente bueno. Lamento los problemas que causé ..."
"# 01026", "¡Lo siento! ¡Haré todo lo posible para compensar esto!"
"# 01027", "¡Gracias! | Aprecio que me hayas dado una oportunidad".
"# 01028", "¡Parece que este trabajo terminará muy rápido!"
"# 01029", "¡No puedo esperar a que se termine este juego!"
"# 01030", "Desafortunadamente, no tuvo ningún efecto ..."
"# 01031", "¡La próxima vez que produzcan puntos de desarrollo, <0> estará más motivado!"
"# 01032", "¡Los errores de tu juego actual han disminuido en <0>!"
"# 01033", "No hubo ningún cambio en el número de errores en tu juego actual ..."
"# 01034", "<0> no cambió ..."
"# 01035", "Error al intentar aumentar | <0>. |"
"# 01036", "No tienes ningún dato de investigación".
"# 01037", "No tienes suficiente dinero".
"# 01038", "Tomó el trabajo <0>. La fecha límite es en <1> semanas".
"# 01039", "Ah, sí. | El <0>. | Gracias."
"# 01040", "Uh-oh. | No puedes llevar más de esos. Lo siento".
"# 01041", "No tienes suficientes datos de investigación".
"# 01042", "Usar eso ahora no tendría efecto".
"# 01043", "Actualmente no estás desarrollando un juego".
"# 01044", "¿Quieres contratar a alguien más?"
"# 01045", "Están en el nivel máximo para <0>".
"# 01046", "No tienes suficientes datos de investigación".
"# 01047", "La fama ha aumentado tanto para <0> como para el juego en desarrollo".
"# 01048", "la fama de <0> ha aumentado".
"# 01049", "No tiene sentido publicitar hasta que hayas lanzado un juego. ¡Concentrémonos en el desarrollo del juego por ahora!"
"# 01050", "/ Tal vez la próxima vez. / Adiós".
"# 01051", "Hola. | Gracias por aplicar para desarrollar para el <0>".
"# 01052", "¿Quieres comprar algo más?"
"# 01053", "Bien hecho. Espero volver a trabajar con usted".
"# 01054", "¡Gracias! | ¡Definitivamente trabajaremos juntos otra vez!"
"# 01055", "Un excelente trabajo. Justo lo que esperaría de <0>. Nos vemos nuevamente".
"# 01056", "Para desarrollar su propia consola, | necesitará al menos un Ingeniero de Hardware".
"# 01057", "Ahora presentaremos una propuesta para el nuevo juego. Puedes cambiar el género y el tipo presionando la tecla OK".
"# 01058", "¡Felicidades! ¡Has ganado el Gran Premio! / ¡Tenemos que volver a la oficina y decírselo a todos!"
"# 01059", "¡Oh no! ¡Has ganado el premio al peor juego! / Tendremos que trabajar duro para asegurarnos de que nunca vuelva a suceder ..."
"# 01060", "Has ganado <0> trofeos. Esto realmente debería ayudar a aumentar nuestra fama".
"# 01061", "Lástima. No ganaste ningún premio. ¡Pero siempre habrá el año que viene! ¡Apunta al Gran Premio!"
"# 01062", "De vez en cuando, te encuentras con personas con habilidades extraordinarias: habilidades que van mucho más allá de las de una persona promedio. | <1> en <0> es una de esas personas. Han dominado un trabajo después de otro. | La personalidad de un creador de juegos a menudo se muestra a través de los juegos que crean, por lo que esperamos ver lo que pueden crear en el futuro ".
"# 01063", "El mercado de juegos se calienta"
"# 01064", "Personal carismático"
"# 01065", "1 millón de unidades vendidas"
"# 01066", "El recientemente lanzado <0> ha demostrado ser bastante popular, alcanzando 1 millón de unidades vendidas en un período de tiempo muy corto. | Pero las consolas deben seguir vendiéndose para ser consideradas un éxito. En muchas En algunos casos, un juego exitoso incita a la gente a comprar un sistema. De hecho, un solo juego exitoso puede cambiar enormemente las fortunas de una consola ".
"# 01067", "Million-Hit Sigue vendiendo"
"# 01068", "El juego popular <0> ahora ha vendido más de 1 millón de unidades. | Este es el primer juego <1> en algún tiempo en alcanzar esta marca, y ha demostrado ser bastante popular incluso entre las personas de la industria del juego. Como dijo un dueño de una tienda minorista: "Se agota en cuanto lo ponemos en los estantes. Lo he estado probando para descubrir por qué es tan popular y ahora estoy enganchado. Ahora mis ventas están sufriendo". ... "Uno solo puede preguntarse cuántas unidades terminará vendiéndose".
"# 01069", "Monster Hit At 2 Million"
"# 01070", "La popularidad de <0> continúa sin disminuir. De hecho, ¡recientemente alcanzó un máximo de 2 millones en ventas! | <1> ciertamente puso todo en este juego <2>. | El juego aún es escaso, con algunos propietarios de tiendas dicen que los padres han recurrido a comprar otros juegos similares porque no pueden encontrar el artículo genuino ".
"# 01071", "Tendencias de la industria del juego"
"# 01072", "La competencia en la industria del juego continúa aumentando a medida que el nuevo <0> ingresa al mercado. | Esperamos ver lo que tienen reservado para nosotros. Necesitará ser impresionante para tener un impacto en este mercado lleno de gente ".
"# 01073", "Mudarse a excavaciones más grandes"
"# 01074", "<0> se está montando en la ola de su reciente éxito al mudarse a oficinas más grandes. | Se dice que su nueva sede es el doble de grande que las antiguas, y sus escritorios, sillas y otros muebles son todos nuevo. | <1>, uno de sus empleados, dijo esto sobre sus nuevas excavaciones: "Es una oficina maravillosa. ¡No puedo esperar a venir aquí todos los días y empezar a trabajar haciendo juegos geniales!"
"# 01075", "Grandes ventas, gran oficina"
"# 01076", "Las fuentes dicen que <0>, Que debería ser un nombre familiar para cualquier aficionado a los juegos, se ha mudado recientemente a nuevas oficinas. Las nuevas oficinas se encuentran en una ubicación privilegiada cerca de la estación de tren y están alfombradas con las mejores alfombras persas. El presidente comentó que "es mi trabajo proporcionar un lugar de trabajo que ofrezca lo mejor de nuestros empleados". Y, de hecho, parece estar funcionando: la compañía se ha visto inundada de solicitudes de trabajo ".
"# 01077", "Nuevos tipos de juegos"
"# 01078", "Nosotros, en la revista juegos increibles, Hemos tenido éxito recientemente al entrevistar a un famoso desarrollador de juegos. Según él, la mejor manera de aumentar la cantidad de tipos de juegos que tiene disponibles es capacitar a sus empleados. "Los tipos y niveles de trabajo también afectan los tipos de juegos que pueden descubrir. | Por lo que entendemos, los Scenario Writers son particularmente buenos para descubrir nuevos tipos de juegos, por lo que es posible que desees probar entrenándolos".
"# 01079", "Premios de juegos mundiales"
"# 01080", "<0>, ¡hemos ganado muchas veces en el pasado, recientemente ganamos <1> en los Global Game Awards! | Los jueces aceptaron por unanimidad su elección y hablar en gran medida sobre la calidad del juego. Sin duda Aumentará los fanáticos y las ventas de la compañía en un futuro cercano ".
"# 01081", "Gran Premio GGA"
"# 01082", "Los premios mundiales de juegos, Que reconocen a los mejores videojuegos de todo el mundo, Han a elegido <0> para recibir el Gran Premio. | Muchos <0> fanáticos estuvieron presentes en la ceremonia y gritaron al unísono cuando se anunciaron los resultados. | Toda la industria está esperando a ver qué hará <0> a continuación ".
"# 01083", "¿Hombre enmascarado?"
"# 01084", "De acuerdo con la información adquirida por nuestra revista, recientemente se ha visto a un misterioso hombre enmascarado tratando de postularse en varias compañías de videojuegos. Nuestras fuentes indican que él es simplemente un tipo muy trabajador con una máscara, por lo que las compañías ciertamente deben Dale una segunda mirada ".
"# 01085", "Rey faltante"
"# 01086", "Un barón petrolero del Medio Oriente desapareció durante un reciente viaje al distrito de electrónica de consumo, y no se lo ha visto desde entonces. Uno de sus sirvientes levantó la vista del juego y estuvo jugando el tiempo suficiente para hablar con nosotros. "Sabíamos que el rey estaba obsesionado con los videojuegos. Seguía diciendo que quería trabajar en una compañía de juegos, ¡pero no creíamos que en realidad intentara hacerlo!"
"# 01087", "Bestia suelta"
"# 01088", "Según uno de nuestros reporteros, un peligroso animal salvaje se escapó recientemente de un área boscosa en el Parque Kairo. | Aunque el animal en cuestión solo ha sido visto desde muy lejos, se dice que tiene garras largas y afiladas y un temperamento vicioso. Por favor, tenga cuidado si lo ve. | El animal aparentemente tiene una gran afición por los videojuegos, por lo que se puede encontrar si una compañía comienza a aceptar nuevos solicitantes ".
"# 01089", "Un trabajo para Chimpan Z"
"# 01090", "Acabamos de enterarnos de que el Sr. Chimpan Z, residente de una isla en Kairo Park, está buscando empleo. La reciente ola de calor aparentemente ha diezmado la cosecha de bananas que estaba atendiendo en la isla, lo que lo llevó para buscar trabajo en el desarrollo de videojuegos. Las empresas que buscan empleados pueden encontrarlo ".
"# 01091", "Kairobot"
"# 01092", "Según una de nuestras fuentes, Kairobot, un robot de Kairo Park, está tratando de unirse a una compañía de juegos. Nos dijo que había adquirido una gran cantidad de experiencia y sintió que era el momento para él. para dar este paso. Dijo que quería usar su avanzada tecnología de inteligencia artificial para crear un juego de simulación increíble ".
"# 01093", "Bobby Anderson (15)"
"# 01094", "Hola. Soy un estudiante de secundaria y me encantan los juegos <0>. De hecho, los he estado jugando mucho. ¡Fallé en mi último examen de matemáticas! lo que vas a publicar en el futuro, así que, por favor, trabaja duro con ellos. Por cierto, mi juego favorito es, um ... <1> ".
"# 01095", "Amy Jackson (21)"
"# 01096", "¡Hola! No juego mucho, pero todos en la televisión hablaban tanto de tus juegos de entrenamiento mental que finalmente rompí y compré uno. Hice que mi abuela lo probara, y el ¡la edad de su cerebro pasó de 80 a 5! Lo probé yo mismo, ¡y ahora soy lo suficientemente inteligente como para ingresar a una universidad de la Ivy League! ¡Tienes un fan de por vida! "
"# 01097", "Hank Wright (28)"
"# 01098", "Soy un piloto de carreras profesional. Esta es mi primera carta de admiradores, así que perdóname si es difícil de leer ... | Siempre uso tu juego de carreras para practicar una nueva pista antes de entrar en mi coche. Gracias a ti, pude llegar en el puesto 16 en la reciente Chimpan Island Race. Recomiendo tu juego a todos mis amigos ".
"# 01099", "Jim Hollingsworth (56)"
"# 01100", "solía ser un desarrollador de juegos en mi juventud. Ahora solo juego, pero tuve que escribir y decir cuánto disfruté de tu último juego. La compañía promedio no pudo acercarse. para replicar ese tipo de perfección ... | Si no estuviera jubilado, me encantaría solicitar un trabajo en su empresa, pero creo que tendré que contentarme con jugar sus juegos ".
"# 01101", "Beverly Kane (25)"
"# 01102", "Siempre juego los juegos de su compañía. Especialmente disfruté el juego de preguntas que lanzó recientemente. Nunca pensé que combinarlo con un <0> funcionaría, ¡pero fue perfecto! No puedo esperar para ver lo que se te ocurra a continuación ".
"# 01103", "James Bonehill (15)"
"# 01104", "Hola. Escuché por primera vez a <0> en el reciente programa de Gamedex. Me impresionó mucho que alguien estuviera haciendo juegos como los tuyos, así que fui a mi tienda local y compré un montón de tus juegos. | Estoy bastante seguro de que ahora soy el mayor fanático de <0> en mi ciudad. Espero que sigas sorprendiéndome con tus juegos en el futuro ".
"# 01105", "Julie Jameson (29)"
"# 01106", "¡Gamedex fue increíble! Realmente lo cubrieron mucho en la televisión, así que creo que la mayoría de mis amigos son fans tuyos ahora. He estado jugando <0> juegos durante mucho tiempo, y estuve Estoy muy impresionado de ver lo lejos que has llegado. Espero que no dejes que el éxito te caiga en la cabeza. ¡Sigue poniendo los juegos que todos amamos! Gracias ".
"# 01107", "Lo primero es el mejor diseño gráfico".
"# 01108", "¡El Premio al Mejor Diseño, <br> con una recompensa de $ 100K!"
"# 01109", "¡Lo siguiente es el Premio a la Mejor Música de con una recompensa de $ 100K!"
"# 01110", "¡Lo siguiente es el premio finalista con una recompensa de $ 500K!"
"# 01111", "Antes de otorgar el Gran Premio ..."
"# 01112", "¡Debemos anunciar el Premio al Peor Juego, con una multa de $ 300K!"
"# 01113", "Intenta no recibir esa otra vez".
"# 01114", "Ahora, finalmente, ¡es el momento de anunciar el Gran Premio!"
"# 01115", "El Gran Premio de los Premios Global de Juegos de este año es para ..."
"# 01116", "¡También recibirán un premio de $ 1 millón!"
"# 01117", "Si recibió un premio o no ..."
"# 01118", "¡Esperamos que sigan así durante el próximo año!"
"# 01119", "Hasta entonces, ¡buena suerte y buen juego!"
"# 01120", "¡Te perdiste el plazo! / ¡Nunca volveré a usar tu compañía!"
"# 01121", "No completó su trabajo de contratación ... / La reputación de su empresa ha disminuido ..."
"# 01122", "La energía de todos sus empleados ha sido restaurada. ¡También recibirá más datos de investigación!"
"# 01123", "/ Lamento que hayas venido hasta aquí, pero me temo que no podemos otorgar una licencia a una empresa con tan poco capital a la mano. ¿Por qué no vienes? ¿De vuelta cuando hayas crecido un poco más?
"# 01124", "/ Hmm ... Parece que tienes suficiente capital".
"# 01125", "/ De acuerdo. Te daré una licencia y un kit de desarrollo./ Espero que desarrolles algunos juegos que ayuden a promover nuestra consola./¡Buena suerte!"
"# 01126", "¡Gracias! | Haré lo mejor que pueda de ahora en adelante como <0>!"
"# 01127", "la base de fans de <0> en todo el país se está reduciendo ..."
"# 01128", "¡La base de fans de <0> en todo el país está creciendo!"
"# 01129", "Gamedex ya terminó".
"# 01130", "Tuvimos un número récord de visitantes en el stand <0>: <1>!"
"# 01131", "El número de visitantes en la cabina <0> fue <1>."
"# 01132", "/ ¡Estoy seguro de que la mayoría de los visitantes terminarán comprando nuestro juego! / ¡Definitivamente deberíamos ir al espectáculo el año que viene!"
"# 01133", "¡La primera mitad del desarrollo de nuestra consola está terminada! / Ahora comenzaremos la segunda mitad".
"# 01134", "¡Nuestra consola finalmente está terminada! Ahora todo lo que tenemos que hacer es darle un nombre y podemos enviarlo. / Una consola hecha por nuestra compañía nunca saldrá del mercado. lanzando juegos para ello ".
"# 01135", "han pasado <0> años. Esto termina con la parte principal del juego./ <1> lanzó <2> juegos y vendió un total de <3> unidades./ El juego más vendido fue | < 4> | con ventas totales de <5> ./Puede seguir jugando al juego de ahora en adelante. Sin embargo, su puntaje máximo (capital total) ya no se actualizará a partir de este momento./ Si comienza un juego nuevo, podrá comenzar a jugar usando los niveles actuales para el género y el tipo de juego, lo que debería facilitarle superar su puntuación más alta la próxima vez ".
"# 01136", "¡Pero siéntete libre de continuar jugando tu juego actual para intentar superar tu récord de ventas más alto!"
"# 01137", "Veo que lanzaron una nueva consola. Después de que hayamos conseguido algo de capital, ¡deberíamos intentar obtener una licencia!"
"# 01138", "Van a enviar una gran cantidad de ellos. Parece que realmente están tratando de dominar el mercado. ¡También deberíamos intentar entrar en acción!"
"# 01139", "Este parece ser el sucesor de la popular consola IES. ¡Definitivamente deberíamos intentar obtener una licencia!"
"# 01140", "Esta consola parece estar enfocada en gráficos 3D. | Parece que están poniendo mucho esfuerzo en promocionarla. Definitivamente, queremos vigilar esto en el futuro".
"# 01141", "Esta consola está siendo lanzada por una compañía mejor conocida por sus juegos de arcade. Me pregunto qué tan bien se venderá".
"# 01142", "Este no parece que se venda muy bien, y los aranceles de licencia también son muy altos ... / Pero con el desarrollo relativamente bajo de compañías, podría ser más fácil crear un hit. "
"# 01143", "Este es el sucesor de la muy popular consola PlayStatus. Dijeron en la televisión que la gente ha estado haciendo fila durante días para comprarla".
"# 01144", "¡Esta es una consola impresionante! Las tarifas de licencia son altas, ¡pero deberíamos pensar en desarrollarlas!"
"# 01145", "Esta consola incluye una tecnología muy impresionante. Se pondrá a la venta al mismo tiempo en todo el mundo, por lo que nuestras ventas podrían aumentar".
"# 01146", "Aparentemente puedes controlar esta consola con un control remoto, e incluso usarla para acceder a Internet ... / ¡Es inusual, pero podría expandir el mercado de juegos a personas que normalmente no jugarían!"
"# 01147", "Es bastante similar a otros sistemas de juegos populares, pero hay algo un poco extraño en este ... / Aún así, la licencia y los costos de desarrollo son relativamente bajos".
"# 01148", "Hmm ... No se ve mal, pero no estoy seguro de que se venda ... / Dependiendo de cómo reaccione el mercado, podría valer la pena desarrollarlo para esta consola".
"# 01149", "Esta es una consola bastante inusual ... Pero van a estar enviando muchos de ellos, por lo que podría valer la pena desarrollarlos".
"# 01150", "Esta consola única cuenta con muchos puertos de juegos de arcade".
"# 01151", "Aparentemente, miras a través de esas gafas para ver una imagen tridimensional ... / No estoy seguro de que esta se venda muy bien ..."
"# 01152", "¡Esta es la primera consola de juegos portátil! ¡Apuesto a que será especialmente popular entre los jugadores más jóvenes!"
"# 01153", "Esta es una consola portátil con una pantalla LCD a color. / ¡El mercado de juegos portátil está a punto de expandirse!"
"# 01154", "¡Esta consola portátil de vanguardia tiene un número impresionante de desarrolladores en fila! / ¡Realmente deberíamos pensar en desarrollarlo!"
"# 01155", "Esta consola tiene una hermosa pantalla LCD y discos de juegos de gran capacidad. / Lo están enviando en grandes cantidades, por lo que sugeriría intentar obtener una licencia".
"# 01156", "Esta consola portátil inusual tiene una pantalla táctil y un estilete./Deben estar dirigidos a niños y familias si planean enviar tantos de ellos".
"# 01157", "¡Este no parece una consola de juegos! / El" Controlador TP "opcional parece bastante popular".
"# 01158", "¡Esta consola aparentemente puede incluso explorar los alcances del espacio exterior! / No estoy seguro de cómo es como una consola de juegos ..."
"# 01159", "unidades"
"# 01160", "Codificador"
"# 01161", "Escritor"
"# 01162", "Diseñador"
"# 01163", "Snd. Eng."
"# 01164", "Director"
"# 01165", "Productor"
"# 01166", "Ingeniero Dificil."
"# 01167", "Hacker"
"# 01168", "John Gameson"
"# 01169", "Newb Ownerton"
"# 01170", "S. Presso"
"# 01171", "Dee Coder"
"# 01172", "Sam Ulation"
"# 01173", "Biggs Porkins"
"# 01174", "Ann Deroid"
"# 01175", "Gilly Bates"
"# 01176", "Amy Less"
"# 01177", "Callie Fornia"
"# 01178", "Vaca Holly"
"# 01179", "Lady Googoo"
"# 01180", "Chuck Shultz"
"# 01181", "Vincent Vangoo"
"# 01182", "Abraham Malcolm"
"# 01183", "Clementine Jones"
"# 01184", "Marla Sharpovich"
"# 01185", "Shigeto Minamoto"
"# 01186", "Shirley Ugest"
"# 01187", "Dave Lightman"
"# 01188", "Bob Clockwatcher"
"# 01189", "Kitty Pawson"
"# 01190", "Frank Biller"
"# 01191", "Par máximo"
"# 01192", "George Marlin"
"# 01193", "Cariño Miel"
"# 01194", "Jane Dough"
"# 01195", "John Dough"
"# 01196", "Teoría de Charlize"
"# 01197", "Charles Royal"
"# 01198", "Bubbles Morgan"
"# 01199", "Donny Jepp"
"# 01200", "Sandy Claus"
"# 01201", "Mindy Crawford"
"# 01202", "Stephen Jobson"
"# 01203", "Walt Sidney"
"# 01204", "Sophie Kairo"
"# 01205", "Dexter McPhee"
"# 01206", "Cokie Bottleson"
"# 01207", "Françoise Bloom"
"# 01208", "Josh Slackerville"
"# 01209", "Mark Jersey"
"# 01210", "Sid Hightower"
"# 01211", "Hugh Jative"
"# 01212", "Ima Gamer"
"# 01213", "William Tomato"
"# 01214", "Steve Kingly"
"# 01215", "Jake Kirby"
"# 01216", "Quinn Harley"
"# 01217", "Pablo Piccolo"
"# 01218", "Arte Mayor"
"# 01219", "Kim Poster"
"# 01220", "B. Toven"
"# 01221", "Moe Zart"
"# 01222", "Wolfgang Smith"
"# 01223", "Amadeus Rhodes"
"# 01224", "Muse Icalgenious"
"# 01225", "Milk Puddingsky"
"# 01226", "Señor X"
"# 01227", "Rey Ackbar"
"# 01228", "Grizzly Bearington"
"# 01229", "Chimpan Z-Force"
"# 01230", "Kairobot"
"# 01231", "John"
"# 01232", "Newb"
"# 01233", "S"
"# 01234", "Dee"
"# 01235", "Sam"
"# 01236", "Biggs"
"# 01237", "Ann"
"# 01238", "Gilly"
"# 01239", "Amy"
"# 01240", "Callie"
"# 01241", "Holly"
"# 01242", "Dama"
"# 01243", "Chck"
"# 01244", "Vince"
"# 01245", "Abe"
"# 01246", "Clem"
"# 01247", "Marla"
"# 01248", "Shige"
"# 01249", "Shirl"
"# 01250", "Dave"
"# 01251", "Bob"
"# 01252", "Kitty"
"# 01253", "Frank"
"# 01254", "Max"
"# 01255", "Grge"
"# 01256", "Hny"
"# 01257", "Jane"
"# 01258", "John"
"# 01259", "Chlz"
"# 01260", "Chlrs"
"# 01261", "Bubb"
"# 01262", "Donn"
"# 01263", "Arena"
"# 01264", "Mente"
"# 01265", "Steph"
"# 01266", "Walt"
"# 01267", "Soph"
"# 01268", "Dex"
"# 01269", "Cokie"
"# 01270", "Fran"
"# 01271", "Señor X"
"# 01272", "Rey"
"# 01273", "Grizz"
"# 01274", "Chim"
"# 01275", "Kairo"
"# 01276", "Tiende a ser absorbido en el trabajo".
"# 01277", "Minijuegos previamente diseñados".
"# 01278", "Puede dibujar con cualquier mano".
"# 01279", "Graduado de la escuela de diseño de juegos".
"# 01280", "Un veterano en el diseño del sistema".
"# 01281", "Le encantan las donas para el postre".
"# 01282", "Tiene un tono perfecto".
"# 01283", "Fue un valedictorian en Harvard".
"# 01284", "Fue segundo en clase en el MIT".
"# 01285", "En una banda desde la escuela secundaria".
"# 01286", "A menudo lee literatura muy crítica".
"# 01287", "Ha tocado el piano desde la infancia".
"# 01288", "Solía ​​ser un dibujante de cómics".
"# 01289", "Utiliza programación al estilo alemán".
"# 01290", "A menudo se pierde en una historia".
"# 01291", "Le encanta la música. Era cantante".
"# 01292", "Le encanta jugar partidos de tenis".
"# 01293", "Un recién llegado a la industria del juego".
"# 01294", "Solía ​​ser un inspector de aduanas".
"# 01295", "Solía ​​ser un chef".
"# 01296", "Salir de la universidad tecnológica para hacer juegos".
"# 01297 ,"También funciona como bailarina. "
"# 01298", "Dibuja 600 páginas de cómics al mes".
"# 01299", "Una secretaria bien calificada".
"# 01300", "Le encanta la literatura sobre programación".
"# 01301", "Ha trabajado en juegos durante años".
"# 01302", "Un aspirante a actor pero que ama los juegos".
"# 01303", "Funciona como un diseñador 3D".
"# 01304", "No está realmente interesado en los juegos".
"# 01305", "Tiene buenos instintos y experiencia".
"# 01306", "Trabajó en la industria de los videojuegos durante años".
"# 01307", "Compite en las carreras de Iron Man".
"# 01308", "Le encanta dar regalos a los niños".
"# 01309", "Una vez trabajado como modelo de moda".
"# 01310", "Trabajé en una compañía de computadoras".
"# 01311", "Ha competido en las carreras de Iron Man".
"# 01312", "Trabajé en un estudio famoso".
"# 01313", "Un experto compositor de música pop".
"# 01314", "Es inútil sin café de la mañana".
"# 01315", "1/4 francés. De voluntad fuerte".
"# 01316", "Una figura envuelta en misterio".
"# 01317", "Un barón del petróleo del Medio Oriente".
"# 01318", "Dejó el bosque buscando miel".
"# 01319", "Se come cáscaras de plátano y todo".
"# 01320", "¡Gracias por encontrarme!"
"# 01321", "Gamer"
"# 01322", "Planificador"
"# 01323", "Fan de comics"
"# 01324", "Artista de cómics"
"# 01325", "Ilustrador"
"# 01326", "Pintor"
"# 01327", "Aficionado a la música"
"# 01328", "Compositor"
"# 01329", "Músico"
"# 01330", "Un nuevo graduado de escuela vocacional".
"# 01331", "Sus juegos no se han vendido bien".
"# 01332", "Se especializa en juegos bien hechos".
"# 01333", "Un creador famoso con muchos éxitos".
"# 01334", "Trabajé en una importante compañía de juegos".
"# 01335", "Ha Creado muchos éxitos globales".
"# 01336", "Los personajes animados son una especialidad".
"# 01337", "Una cara nueva, pero muy talentosa".
"# 01338", "Ha vendido millones de cómics".
"# 01339", "Fue un artista en París durante 30 años".
"# 01340", "También funciona para revistas infantiles".
"# 01341", "Se especializa en personajes lindos".
"# 01342", "Puede zumbar o incluso silbar ..."
"# 01343", "Poca experiencia con la música del juego".
"# 01344", "La mayoría funciona en música clásica".
"# 01345", "Hizo muchos éxitos de millones de ventas".
"# 01346", "Un famoso músico y aficionado a los juegos".
"# 01347", "Vendió más de 2 millones de álbumes".
"# 01348", "Juego de PC"
"# 01349", "Microx SX"
"# 01350", "Éxodo"
# 01351", "IES"
"# 01352", "Super IES"
"# 01353", "PlayStatus"
"# 01354", "Urano"
"# 01355", "Playdion"
"# 01356", "PlayStatus 2"
"# 01357", "Caja de juego"
"# 01358", "Microx 480"
"# 01359", "Whoops"
"# 01360", "Play Popo X"
"# 01361", "Harpo Drive"
"# 01362", "PCC-FQX"
"# 01363", "Almirante 64"
"# 01364", "NEONGEON"
"# 01365", "Virtual Kid"
"# 01366", "Game Kid"
"# 01367", "Play Gear"
"# 01368", "Game Swan"
"# 01369", "Mini estado"
"# 01370", "Intendro DM"
"# 01371", "GameJohn"
"# 01372", "Jupiter 512"
"# 01373", "Su consola"
"# 01374", "Paseo"
"# 01375", "Leyendo"
"# 01376", "Pelicula"
"# 01377", "Anime"
"# 01378", "Juego"
"# 01379", "Concierto"
"# 01380", "Navegar en la red"
"# 01381", "Medita"
"# 01382", "Pinball"
"# 01383", "Colegio"
"# 01384", "Estudio de laboratorio"
"# 01385", "Viaje corto"
"# 01386", "Viaje largo"
"# 01387", "Retiro"
"# 01388", "Correr"
"# 01389", "Museo"
"# 01390", "Anuncios de revistas"
"# 01391", "Anuncios en línea"
"# 01392", "Anuncios de radio"
"# 01393", "Distribución de demostraciónes"
"# 01394", "Banda de Marcha"
"# 01395", "Anuncios de TV"
"# 01396", "Disfraces de animales"
"# 01397", "Patrocinio de TV"
"# 01398", "Patrocinio del coche de carreras"
"# 01399", "Concurso de juego de cartas"
"# 01400", "Patrocinio dirigible"
"# 01401", "Escritura lunar"
"# 01402", "Dragon Crest"
"# 01403", "Última fantasía"
"# 01404", "Ninja Hidin '"
"# 01405", "Equipamiento médico"
"# 01406", "Hora de hot dogs"
"# 01407", "Hombre Hacker"
"# 01408", "Gran error"
"# 01409", "Rey burro"
"# 01410", "Buck Hunt"
"# 01411", "Limpiador de calles II"
"# 01412", "Neutralidad del residente"
"# 01413", "Hack & Field"
"# 01414", "Omega Man"
"# 01415", "Tren-X"
"# 01416", "Goon Patrol"
"# 01417", "Ms. Hack Man"
"# 01418", "Posición del topo"
"# 01419", "Z-Bert"
"# 01420", "SimuVillage 3000DX"
"# 01421", "Rolling Lightning"
"# 01422", "Cerradura de Salomón"
"# 01423", "Dragon Ace"
"# 01424", "Invasores de encaje"
"# 01425", "Spitball"
"# 01426", "Space Lair"
"# 01427", "Jungle Bunt"
"# 01428", "Mujeres Guepardo"
"# 01429", "Lagarto doble"
"# 01430", "Goggle 13"
"# 01431", "Somberman"
"# 01432", "Adventure Peninsula"
"# 01433", "Dr. Sergio"
"# 01434", "Hunch Out"
"# 01435", "Listas de batalla"
"# 01436", "Alpha Man"
"# 01437", "Towervania"
"# 01438", "Espada de bronce"
"# 01439", "Culturia"
"# 01440", "Estrella Fantástica"
"# 01441", "Sky Tower G +"
"# 01442", "Waterbound"
"# 01443", "Super Sergio Bros."
"# 01444", "Super Mash Sisters"
"# 01445", "Brain Strainer DX"
"# 01446", "La leyenda de Helga"
"# 01447", "Packet Monster Blue"
"# 01448", "Negociador de Virtua"
"# 01449", "Barrera espacial"
"# 01450", "Panic the Prairie Dog"
"# 01451", "Fontana USA"
"# 01452", "Bunyon Bunyon"
"# 01453", "Parracka el Hacker"
"# 01454", "Hot Shots Gorilla"
"# 01455", "Tagamochi"
"# 01456", "Ronda Phoenix"
"# 01457", "Karoi Soft"
"# 01458", "Campcon"
"# 01459", "Corazón Dink"
"# 01460", "Muxxis"
"# 01461", "Juegos de Chimpanses"
"# 01462", "Juegos de huracanes"
"# 01463", "Lame-o Games"
"# 01464", "Juegos de Cornami"
"# 01465", "Budson"
"# 01466", "Boca a boca"
"# 01467", "Anuncio de revista"
"# 01468", "Anuncio en línea"
"# 01469", "Escuela vocacional"
"# 01470", "Casa Abierta"
"# 01471", "Agente de Hollywood"
"# 01472", "Pedir al personal que recomiende a alguien".
"# 01473", "Coloque un anuncio en una revista de juegos".
"# 01474", "Búsqueda de novatos a veteranos".
"# 01475", "Busque niños pequeños con promesa".
"# 01476", "Caro, pero efectivo".
"# 01477", "Realizar una búsqueda en todo el mundo".
"# 01478", "Normal"
"# 01479", "Velocidad"
"# 01480", "Calidad"
"# 01481", "Investigación"
"# 01482", "Presupuesto +"
"# 01483", "No haga nada especial. | Desarrollo normal".
"# 01484", "Enfatice la velocidad. | No se preocupe por la calidad".
"# 01485", "Puede ser más lento, pero las rupturas son más probables".
"# 01486", "Enfoque en los datos de investigación. | Perfecto para la capacitación del personal".
"# 01487", "Alivia la carga del personal. | Velocidad + calidad".
"# 01488", "Fun Boost"
"# 01489", "Aumento de la creatividad"
"# 01490", "Impulso de gráficos"
"# 01491", "Aumento de sonido"
"# 01492", "Repelente de insectos"
"# 01493", "Libro de autoayuda"
"# 01494", "Toro Muerto"
"# 01495", "Manual de cambio de carrera"
"# 01496", "Usa datos de investigación | para aumentar la diversión".
"# 01497", "Usar datos de investigación | para aumentar la creatividad".
"# 01498", "Usar datos de investigación | para mejorar los gráficos".
"# 01499", "Usar datos de investigación | para aumentar el sonido".
"# 01500", "Usar datos de investigación | para encontrar errores".
"# 01501", "Usar datos de investigación | para motivar".
"# 01502", "Recarga personal | y aumenta la investigación".
"# 01503", "Cambiar el trabajo de un miembro del personal".
"# 01504", "RPG"
"# 01505", "Simulación"
"# 01506", "Tabla"
"# 01507", "Acción"
"# 01508", "Aventura"
"# 01509", "Tirador"
"# 01510", "RPG de acción"
"# 01511", "Racing"
"# 01512", "RPG en línea"
"# 01513", "Sim online"
"# 01514", "Trivia"
"# 01515", "Vida"
"# 01516", "Tablero"
"# 01517", "Puzzle"
"# 01518", "Música"
"# 01519", "Novela de audio"
"# 01520", "Movimiento"
"# 01521", "Educativo"
"# 01522", "Sim RPG"
"# 01523", "Juego de cartas"
"# 01524", "Deportes"
"# 01525", "Exploración"
"# 01526", "Artes marciales"
"# 01527", "Fantasía"
"# 01528", "Mascota virtual"
"# 01529", "Samurai"
"# 01530", "Mazmorra"
"# 01531", "Romance"
"# 01532", "Pirata"
"# 01533", "Comedia"
"# 01534", "Horror"
"# 01535", "Palabra"
"# 01536", "Tren"
"# 01537", "Animal"
"# 01538", "Robot"
"# 01539", "Espacio"
"# 01540", "Avión"
"# 01541", "Tienda de convivencia."
"# 01542", "Histórico"
"# 01543", "Librería"
"# 01544", "Comics"
"# 01545", "Arte"
"# 01546", "Películas"
"# 01547", "Game Co."
"# 01548", "Egipto"
"# 01549", "Pueblo"
"# 01550", "Arquitectura"
"# 01551", "Abogado"
"# 01552", "Medieval"
"# 01553", "Monstruo"
"# 01554", "Caza"
"# 01555", "Escuela secundaria"
"# 01556", "Escuela Primaria"
"# 01557", "Guerra"
"# 01558", "Ninja"
"# 01559", "Cutie"
"# 01560", "Ogro"
"# 01561", "Moda"
"# 01562", "Detective"
"# 01563", "Misterio"
"# 01564", "Vaquero"
"# 01565", "Herraduras"
"# 01566", "Presidente"
"# 01567", "Acciones"
"# 01568", "Dibujos animados"
"# 01569", "Cosplay"
"# 01570", "Estrella Pop"
"# 01571", "Traje de baño"
"# 01572", "Mini-falda"
"# 01573", "Seta"
"# 01574", "Poncho"
"# 01575", "Ajedrez"
"# 01576", "Damas"
"# 01577", "Mahjong"
"# 01578", "Reversi"
"# 01579", "Danza"
"# 01580", "Batería"
"# 01581", "Fitness"
"# 01582", "Lucha libre"
"# 01583", "Jumprope"
"# 01584", "Baloncesto"
"# 01585", "Esquí"
"# 01586", "Snowboard"
"# 01587", "Golf"
"# 01588", "Natación"
"# 01589", "Voleibol"
"# 01590", "Motorsport"
"# 01591", "fútbol"
"# 01592", "Ping Pong"
"# 01593", "Sumo"
"# 01594", "Béisbol"
"# 01595", "Lucha libre"
"# 01596", "Maratón"
"# 01597", "F1 Racing"
"# 01598", "Pinball"
"# 01599", "Slots"
"# 01600", "Citas"
"# 01601", "Puerto"
"# 01602", "Viaje en el tiempo"
"# 01603", "Spy"
"# 01604", "Celebridad"
"# 01605", "Game Comic"
"# 01606", "Tonos de llamada"
"# 01607", "Escenario del juego"
"# 01608", "Mascotas de la ciudad"
"# 01609", "Diseño de personajes"
"# 01610", "SFX para dibujos animados"
"# 01611", "Película de pinball"
"# 01612", "Película CGI"
"# 01613", "Desarrollo de herramientas"
"# 01614", "Mini-Juegos"
"# 01615", "Tema musical"
"# 01616", "Motor del juego"
"# 01617", "Música de película"
"# 01618", "Puerto de juegos"
"# 01619", "Traducción de juegos"
"# 01620", "Análisis de consola"
"# 01621", "Estamos buscando una compañía para diseñar un cómic para incluir en uno de nuestros juegos".
"# 01622", "Necesitamos tonos de llamada para un sitio de música móvil. Necesitamos que crees tonos de canciones famosas".
"# 01623", "Estamos buscando una compañía para idear un escenario para nuestro próximo juego".
"# 01624", "Necesitamos mascotas diseñadas para los gobiernos locales de todo el país".
"# 01625", "Necesitamos algunos diseños de personajes creativos para un videojuego".
"# 01626", "Necesitamos un efecto de sonido especial para cuando los héroes se transformen en nuestro programa animado".
"# 01627", "Necesitamos un video para una nueva máquina de pinball. Se jugará con el bono máximo".
"# 01628", "Estamos rodando una película en la Edad Media y necesitamos CGI para la batalla final".
"# 01629", "Nos gustaría que hiciera algunas herramientas de software para crear videojuegos".
"# 01630", "Necesitamos a alguien que pueda crear muchos minijuegos simples en poco tiempo".
"# 01631", "Necesitamos un tema musical para un programa infantil animado con el héroe derrotando a los villanos".
"# 01632", "Necesitamos que crees un motor de juego. Esto requiere habilidades de muy alto nivel".
"# 01633", "Necesitamos una partitura para una película que está en producción. Necesitas ser muy hábil en la música".
"# 01634", "Necesitamos que un juego existente se traslade a una nueva consola. La fecha límite no es demasiado estricta".
"# 01635", "Necesitamos una compañía con la habilidad técnica para traducir un juego extranjero sofisticado".
"# 01636", "Queremos que se analice nuestra consola de juegos para aprovechar al máximo sus capacidades".
"# 01637", "Capturar"
"# 01638", "Estoy creando un juego maravilloso en Game Dev Story \ n # Kairosoft"
"# 01639", "Compartamos una captura de pantalla \n de esta pantalla con sus amigos \n en Twitter o amigos de Facebook".
"#01640","ตอนนี้พื้นที่แสดงผลของวิดีโอสตรีมจะใหญ่ขึ้นและสามารถดูแบบสตรีมได้ใน<co=3366ff>โหมดแนวนอน</co>!"
"#01641","ท่านลบโฆษณาออกจากเกมนี้เรียบร้อยแล้ว!"
"#01642","You can also rotate the display if your device supports it! Toggle this on or off via \""System\"" > \""Options.\"""
"#01643","บางทีการแสดงผลอันใหม่อาจจะให้มุมมองที่สดใหม่กว่าของเกมนี้! ขอให้สนุกนะ!"
"#01644","กรุณายืนยันว่าเปิดการเชื่อมต่อแล้ว ตรวจสอบสัญญาณของท่าน แล้วรีสตาร์ทแอพ คุณสมบัติบางอย่างอาจจะใช้งานไม่ได้ถ้าปิดการเชื่อมต่อ"
"#01645","ข้อความ"
"#01646","ข้อความ"
"#01647","กำลังส่ง"
"#01648","ตกลง"
"#01649","สวัสดี!"
"#01650","ขายหมดแล้ว"
"#01651","เหอๆ ท่านต้องการอันไหน?"
"#01652","เกิดความผิดพลาดในการสื่อสารขึ้น"
"#01653","ซื้อไอเทม"
"#01654","อ่านข้อตกลงการใช้งาน (ต้องอ่าน)"
"#01655","ยอมรับข้อตกลงแล้วไปต่อ"
"#01656","รีสตาร์ทหลังซื้อเพื่อรับไอเทม"
"#01657","ไปต่อ"
"#01658","ยอมรับข้อตกลงแล้วไปต่อ"
"#01659","คำเตือน"
"#01660","ของที่ท่านซื้ออยู่ที่นี่!"
"#01661","เลือกร้าน"
"#01662","ผลิตภัณฑ์ฟักทอง"
"#01663","ร้านตั๋ว"
"#01664","โอ้ ไม่นะ... ดูเหมือนว่าเรา<co=60,100,200>จะไม่สามารถติดต่อ</co>สำนักงานใหญ่ของบริษัทได้"
"#01665","กรุณากลับมาที่ร้านอีกครั้งหลังจากตรวจสอบสัญญาณและสถานะการสื่อสารของท่านแล้ว"
"#01666","ตัวเลือกผลิตภัณฑ์ที่ยอดเยี่ยมทุกวันของเราก็น่าจะพร้อมให้บริการท่าน"
"#01667","เราจะรอท่าน!"
"#01668","ที่นี่เราขายตั๋ว -- ของพรีเมี่ยมที่หายากไม่ว่าจะที่ไหนในโลก"
"#01669","ราคาค่อนข้างสูง ดังนั้นคิดให้ดีก่อนซื้อนะ ตกลงไหม?"
"#01670","หึๆ"
"#01671","ยินดีต้อนรับ!"
"#01672","อ้า โชคร้ายที่เรา<co=60,100,200>ขายหมดแล้ว</co> แต่เชิญลองมองหาของอื่นของเราได้"
"#01673","ท่านไม่สามารถมีตั๋วเกิน <0> ใบได้"
"#01674","โอ้ เลือกได้เยี่ยม"
"#01675","ไอเทมสุดยอดนี้จะซื้อได้ด้วยการใช้<co=60,100,200>เงินจริง</co>เท่านั้น"
"#01676","เด็กๆต้องสอบถาม<co=60,100,200>พ่อแม่หรือผู้ปกครอง</co>ก่อนทำการซื้อ"
"#01677","ร้านนี้เปิดขายตลอดเวลา เชิญแวะมาเมื่อไหร่ก็ได้"
"#01678","วันหน้ามาใหม่นะ!"
"#01679","<0>"
"#01680","เวลาการเล่น: <0> ชั่วโมง <1> นาที"
"#01681","คำขอเพื่อน"
"#01682","ท่านสามารถลงทะเบียนเพื่อนได้สูงสุดห้าคน<br>ท่านจะได้รับโบนัส<br>เมื่อเริ่มต้นเกมตามเวลา<br>การเล่นรวมของเพื่อนของท่าน ถามไอดีจาก<br>เพื่อนของท่านแล้วเพิ่มชื่อพวกเขา"
"#01683","ชื่อเล่น"
"#01684","ชื่อเล่น"
"#01685","ใส่ชื่อเล่น"
"#01686","ชื่อเล่นห้ามเว้นวรรค"
"#01687","ประกอบด้วยอักขระที่ใช้ไม่ได้ตั้งแต่หนึ่งตัวขึ้นไป"
"#01688","ไอดีของเพื่อน"
"#01689","ไอดีของเพื่อน"
"#01690","ใส่ไอดีของเพื่อนของท่าน"
"#01691","ยินดีด้วย! ท่านได้รับโบนัสเมื่อลงทะเบียน<co=60,100,200>เพื่อนใหม่</co>!"
"#01692","ถ้าท่านทั้งคู่เล่นต่อ ท่านจะได้รับโบนัสเพิ่มมากขึ้นอีกในอนาคต!"
"#01693","อย่างไรก็ตาม <co=255,0,0>อย่าลบแอพนี้</co> มิเช่นนั้นข้อมูลเพื่อนของท่านทั้งหมดจะสูญหายไปตลอดกาล"
"#01694","เริ่มต้น"
"#01695","กรุณาใส่ชื่อเล่นของท่าน"
"#01696","กดที่นี่"
"#01697","เปลี่ยนได้ในภายหลัง"
"#01698","ตกลง"
"#01699","ใส่ชื่อเล่นใหม่"
"#01700","<0>  <1> ชั่วโมง <2> นาที"
"#01701","เล่นครั้งล่าสุด"
"#01702","รวม:"
"#01703","<0> ชั่วโมง <1> นาที"
"#01704","ได้ส่งคำขอเพื่อนแล้ว"
"#01705","<0> อื่นๆ"
"#01706","ค้นหาเพื่อน"
"#01707","วิธีใช้"
"#01708","แชร์ไอดี"
"#01709","ไอดีของท่าน (กดเพื่อแชร์)"
"#01710","ค้นหาที่นี่"
"#01711","กรอกที่นี่"
"#01712","ค้นหา"
"#01713","ข้อความ"
"#01714","การอนุมัติอาจต้องใช้เวลา"
"#01715","คำขอ"
"#01716","ยกเลิก"
"#01717","ส่งคำขอเพื่อนไปแล้วที่"
"#01718","กรุณารอการอนุมัติ"
"#01719","ข้อความ"
"#01720","ปิด"
"#01721","อัพเดตอาจต้องใช้เวลา"
"#01722","อนุมัติ"
"#01723","ปฏิเสธ"
"#01724","เพิ่มเพื่อนแล้ว"
"#01725","เพื่อนใหม่"
"#01726","<co=0070FF><0></co><br>เพิ่มแล้ว"
"#01727","ท่านอาจได้รับโบนัส"
"#01728","ผู้เล่นจะไม่ได้รับแจ้ง"
"#01729","ลบ"
"#01730","กลับ"
"#01731","ลบ<br><0>?"
"#01732","เกี่ยวกับเพื่อน"
"#01733","โบนัสเพื่อน (ทุกๆ <0> นาที)"
"#01734","ท่านจะได้รับโบนัสเพื่อนคือ <co=254,233,1><0></co> ชั่วโมง <co=254,233,1><1></co> นาที"
"#01735","(สูงสุด)"
"#01736","ยอมรับ"
"#01737","ครั้งถัดไป"
"#01738","โบนัสเพื่อน"
"#01739","ท่านได้รับ<br><co=0070FF><0> ตั๋ว</co>"
"#01740","โบนัสเพื่อน"
"#01741","เพื่อนใหม่: <co=254,233,1><0></co>"
"#01742","ท่านเพิ่ม<br><co=0,128,255><0></co>แล้ว!"
"#01743","การรับส่งข้อมูลล้มเหลว กรุณาตรวจสอบการตั้งค่าของท่านแล้วลองใหม่อีกครั้ง"
"#01744","กรุณากรอกรหัสร้าน (สำหรับความช่วยเหลือลูกค้าเท่านั้น)"
"#01745","รหัสร้าน"
"#01746","รับข้อมูลเซฟ"
"#01747","กรุณาใส่\nรหัสสอบถามของท่าน"
"#01748","รหัสสอบถาม"
"#01749","แอพที่แนะนำ"
"#01750","ไปยังหน้าจอเริ่มต้น"
"#01751","เชิญเพื่อนของท่าน!"
"#01752","ท่านไม่สามารถลงทะเบียน 0 แต้มได้"
"#01753","ท่านไม่สามารถลงทะเบียน <0>"
"#01754","กำลังอัพเดตแอพ..."
"#01755","การตรวจยืนยันล้มเหลว กรุณาใช้บัญชีที่ท่านใช้ซื้อแอพแล้วตรวจสอบสัญญาณของท่าน"
"#01756","กรุณาใช้บัญชีที่ท่านใช้ซื้อแอพและตรวจสอบสัญญาณของท่าน"
"#01757","โหมดแนวนอนพร้อมใช้งานแล้ว"
"#01758","ในเวอร์ชั่นเต็ม!"
"#01759","ห้ามใช้: <0>"
"#01760","กรุณากรอก <0>"
"#01761","กำลังโหลด"
"#01762","การโหลดล้มเหลว"
"#01763","เริ่ม"
"#01764","ช่อง"
"#01765","โหลดข้อมูลเซฟอัตโนมัติ"
"#01766","โหลดข้อมูลเกมที่เซฟไว้"
"#01767","ไม่มีข้อมูลออโต้เซฟ"
"#01768","ว่างเปล่า"
"#01769","ป <0>"
"#01770","ด <0> ส <1>"
"#01771","ห้ามใช้: / | < > \\"
"#01772","เลือกข้อมูลที่จะโหลด"
"#01773","ไม่พบข้อมูลเซฟ"
"#01774","เกี่ยวกับเกมนี้"
"#01775","แต้มจบเกมสูงสุด"
"#01776","ไม่มีบันทึก"
"#01777","ไม่มี"
"#01778","เวอร์ชั่นเต็ม"
"#01779","รับเวอร์ชั่นเต็มเพื่ออัพโหลดคะแนนสูงสุดของท่าน!"
"#01780","ทำดีมาก ท่านเล่นจบเวอร์ชั่นไลท์แล้ว"
"#01781","หลังจากนี้ท่านจะไปที่เว็บไซต์ของเรา เชิญชมได้!"
"#01782","ขอบคุณที่เล่น!"
"#01783","ตอนนี้ <0><br>ล่าสุดวางขายแล้ว"
"#01784","ใช่"
"#01785","ไม่"
"#01786","ระบบ"
"#01787","บันทึก"
"#01788","ตัวเลือก"
"#01789","คู่มือ"
"#01790","คะแนนสูงสุด"
"#01791","ออกเกม"
"#01792","เล่นต่อ"
"#01793","เล่นใหม่"
"#01794","สร้าง"
"#01795","ข้อมูล"
"#01796","ไอเทม"
"#01797","คำนำหน้า"
"#01798","รวมย่อย: <0>"
"#01799","รวม: <0>"
"#01800","<0>"
"#01801","<0>"
"#01802","<0> คน"
"#01803","กำลังเซฟเกม"
"#01804","หน้าต่างคำพูด"
"#01805","เหตุการณ์"
"#01806","ตัวเลือก"
"#01807","ความสำคัญ"
"#01808","ความเร็ว"
"#01809","ดนตรี"
"#01810","เอฟเฟค"
"#01811","การหมุน"
"#01812","ภาพ"
"#01813","ความเร็ว"
"#01814","เร็ว"
"#01815","ปกติ"
"#01816","อัตโนมัติ"
"#01817","ล็อค"
"#01818","การเลือก “สมรรถนะ” จะให้ความสำคัญกับ"
"#01819","สมรรถนะมากกว่าภาพ"
"#01820","เปลี่ยนความเร็วของเกม"
"#01821","(จะเลือกได้หลังจากจบเกมรอบหนึ่งแล้ว)"
"#01822","เลือกว่าจะหมุนหน้าจอ"
"#01823","อัตโนมัติหรือไม่"
"#01824","ปรับระดับเสียง"
"#01825","ของเกม"
"#01826","(C) Kairosoft Co., Ltd."
"#01827","(C) Kairosoft Co., Ltd."
"#01828","แต้มเล่นจบ"
"#01829","หน้า"
"#01830","ถัดไป"
"#01831","บำรุง"
"#01832","ฐาน"
"#01833","โบนัส"
"#01834","รวม"
"#01835","โบนัส"
"#01836","ชาย"
"#01837","หญิง"
"#01838","เดือน <0>"
"#01839","บำรุง"
"#01840","<0>/เดือน"
"#01841","ไม่มี"
"#01842","ราคา"
"#01843","หุ้น"
"#01844","เป็นเจ้าของ"
"#01845","เสร็จ"
"#01846","กำลังทำอยู่"
"#01847","<0> เสร็จ"
"#01848","<0>: <1> ฉบับ"
"#01849","รายชื่อไอเทม"
"#01850","หุ้น:"
"#01851","รายชื่อไอเทม"
"#01852","ครั้งที่ใช้"
"#01853","<0>"
"#01854","“<0>”"
"#01855","สรุป"
"#01856","ความยาว"
"#01857","ต้นทุน"
"#01858","ชื่อ"
"#01859","อันดับ"
"#01860","สถานที่"
"#01861","ทั้งหมด"
"#01862","สถานที่ทั้งหมด"
"#01863","รายชื่อ"
"#01864","เซฟทับความคืบหน้าปัจจุบันหรือไม่?"
"#01865","ลบความคืบหน้าปัจจุบันหรือไม่?"
"#01866","เซฟเกมแล้ว"
"#01867","เลื่อนเพื่อเลือกตำแหน่ง ให้นิ้วของท่านชี้บนไอเทมระหว่างเลื่อนเพื่อทำการปรับแต่งอย่างละเอียด กดเพื่อสร้าง"
"#01868","ตั้งค่าแล้ว"
"#01869","ท่านมีเงินไม่พอ"
"#01870","ท่านได้รับ <co=000080><0></co>"
"#01871","ตอนนี้กำลังตามแขกคนนี้ไป กดอีกครั้งเพื่อดูข้อมูลอย่างละเอียด"
"#01872","กำลังสร้าง <0>..."
"#01873","ลบ <0>"
"#01874","ลบจนถึงที่ไหน?"
"#01875","เริ่ม <0> ที่ไหน?"
"#01876","วางจนถึงที่ไหน?"
"#01877","ผลิ"
"#01878","ร้อน"
"#01879","เคลม"
"#01880","หนาว"
"#01881","<co=008000><0></co> เสร็จแล้ว"
"#01882","-<0> เป็นค่าบำรุงรักษาประจำเดือน"
"#01883","ข่าว Kairo"
"#01884","พบเราที่ Kairo Park."
"#01885","ดูแอพของ Kairo Park"
"#01886","ออกเกมและ"
"#01887","ไปที่เว็บไซต์ของ Kairosoft"
"#01888","ตรงไปยังหน้าแนะนำแอพของเรา?"
"#01889","ตกลง"
"#01890","ออกเกม"
"#01891","รับข่าวสารใหม่ๆ"
"#01892","ล่าสุดของ Kairo Park!"
"#01893","สกุลเงิน"
"#01894","G"
"#01895","$"
"#01896","เปลี่ยนสกุลเงินเป็นเยน/ดอลลาร์"
"#01897","สังเกตว่า 100G = ＄1"
"#01898","เข้าสู่ Kairo Park"
"#01899","กำลังโหลด"
"#01900","กรุณาใส่ชื่อ"
"#01901","ใส่ได้สูงสุด <0> อักขระ"
"#01902","ป <0> ด <1> ส <2>"
"#01903","โหลดผิดพลาด"
"#01904","อ่านข้อมูลไม่ได้"
"#01905","ตรวจสอบว่าอนุญาตการเชื่อมต่อเครือข่ายแล้วและตรวจสอบความแรงสัญญาณของท่าน"
"#01906","ตรวจสอบว่าอนุญาตการเชื่อมต่อเครือข่ายแล้ว<br>และตรวจสอบคุณภาพสัญญาณของท่าน"
"#01907","การตรวจยืนยันล้มเหลว"
"#01908","เกิดความผิดพลาดของเซิร์ฟเวอร์ขึ้น"
"#01909","เกิดความผิดพลาดของข้อมูลขึ้น<br>กรุณาติดตั้งแอพนี้ใหม่"
"#01910","เกิดความผิดพลาดขึ้น<br>กรุณารีสตาร์ทแอพนี้"
"#01911","ไม่สามารถเริ่มเกมได้"
"#01912","อัตโนมัติ <0>"
"#01913","เซฟ <0>"
"#01914","ส่งข้อมูลทั้งหมด"
"#01915","แสดงบันทึกความผิดพลาด"
"#01916","ส่งข้อมูลทั้งหมด?"
"#01917","ส่งข้อมูลออโต้เซฟ <0>?"
"#01918","ส่งข้อมูลเซฟ <0>?"
"#01919","ส่งข้อมูลแล้ว<br>ขอบคุณที่ท่านให้ความร่วมมือ<br>เราหวังว่าท่านจะอยู่กับเรา!"
"#01920","เกิดความผิดพลาดขึ้น<br>ลองอีกครั้ง?"
"#01921","ส่งข้อมูลเซฟ"
"#01922","เลือกข้อมูลที่จะส่ง"
"#01923","กำลังส่งข้อมูล"
"#01924","อย่าปิดอุปกรณ์ของท่าน"
"#01925","ความผิดพลาด"
"#01926","เวอร์ชั่นไลท์"
"#01927","เกิดความผิดพลาดขึ้น"
"#01928","ตกลง"
"#01929","บนหน้าจอการตั้งค่าแอพ เปิด \""App Permissions (การอนุญาตแอพ)\"" ทั้งหมดแล้วรีสตาร์ทแอพนี้"
"#01930","กรุณารอ..."
"#01931","การอนุญาต: กรุณารีบูตใหม่เพื่ออนุญาตการเก็บข้อมูล<br>ท่านจำเป็นต้องเซฟเกมนี้"
"#01932","ท่านไม่สามารถเริ่มได้"
"#01933","กรุณาตัดเนื้อหาให้สั้นลง"
"#01934","ตกลง"
"#01935","กลับ"
"#01936","ตรวจ"
"#01937","ข้อความ"
"#01938","แผนที่"
"#01939","ปกติ"
"#01940","ออก"
"#01941","วิธีใช้"
"#01942","ตัวเอง"
"#01943","ด้านบน"
"#01944","ไซต์"
"#01945","ยอดนิยม"
"#01946","นิยม"
"#01947","แก้ไข"
"#01948","ความเข้ากันได้"
"#01949","หมุน"
"#01950","ชื่อ"
"#01951","รายงาน"
"#01952","ส่งออก"
"#01953","คำใบ้"
"#01954","คำสั่ง"
"#01955","โน้ต"
"#01956","ค่าเริ่มต้น"
"#01957","ลบ"
"#01958","ปกติ"
"#01959","ยกเลิก"
"#01960","ขาย"
"#01961","เปลี่ยนชื่อ"
"#01962","รายละเอียด"
"#01963","ไกด์"
"#01964","หมุน"
"#01965","ยกเลิก"
"#01966","พื้น"
"#01967","ข้อมูล"
"#01968","อัตโนมัติ"
"#01969","เปิดปิด"
"#01970","ลบ"
"#01971","ข้าม"
"#01972","แผนที่"
"#01973","สถานะ"
"#01974","หน่วย"
"#01975","ค่าปรับ"
"#01976","กลยุทธ์"
"#01977","จัดเรียง"
"#01978","ตรวจสอบ"
"#01979","บันทึก"
"#01980","เมนู"
"#01981","เสริม"
"#01982","ตั้งค่า"
"#01983","ตัวเลือก"
"#01984","ไปด้านบน"
"#01985","ขายทอดตลาด"
"#01986","สังเคราะห์"
"#01987","เพื่อน"
"#01988","การตาม"
"#01989","สูงสุด"
"#01990","รางวัล"
"#01991","ส่ง"
"#01992","คุก"
"#01993","งาน"
"#01994","รหัสผ่าน"
"#01995","รับ !!"
"#01996","แนะนำ"
"#01997","ใกล้"
"#01998","ปิด"
"#01999","ทำ"
"#02000","เอฟเฟค"
"#02001","ยินยอม"
"#02002","สัญญา"
"#02003","สลับ"
"#02004","หยุด"
"#02005","ประวัติ"
"#02006","อินพุต"
"#02007","การเสร็จ"
"#02008","การไล่ออก"
"#02009","ทักษะ"
"#02010","ฟักทอง"
"#02011","การลบ"
"#02012","ซื้อ"
"#02013","ซื้อ"
"#02014","เลเวลอัพ"
"#02015","ซูม"
"#02016","ข้อมูล"
"#02017","ข้อมูล"
"#02018","Activar notificaciones automáticas <br> Para obtener información sobre nuevos juegos y ventas de Kairo."
"#02019","ยืนยัน"
"#02020","Cargando anuncio"